"","Kingdom","Phylum","Class","Order","Family","Genus","Species"
"573","Bacteria","Pseudomonadota","Gammaproteobacteria","Enterobacterales","Enterobacteriaceae","Klebsiella","pneumoniae"
"2053287","Bacteria","Pseudomonadota","Gammaproteobacteria","Moraxellales","Moraxellaceae","Acinetobacter","pseudolwoffii"
"3064892","Bacteria","Pseudomonadota","Gammaproteobacteria","Moraxellales","Moraxellaceae","Psychrobacter","sp. van23A"
"40324","Bacteria","Pseudomonadota","Gammaproteobacteria","Lysobacterales","Lysobacteraceae","Stenotrophomonas","maltophilia"
"1176536","Bacteria","Pseudomonadota","Alphaproteobacteria","Sphingomonadales","Sphingomonadaceae","Novosphingobium","ginsenosidimutans"
"2780074","Bacteria","Pseudomonadota","Alphaproteobacteria","Sphingomonadales","Sphingomonadaceae","Novosphingobium","sp. ES2-1"
"702113","Bacteria","Pseudomonadota","Alphaproteobacteria","Sphingomonadales","Sphingomonadaceae","Novosphingobium","sp. PP1Y"
"48935","Bacteria","Pseudomonadota","Alphaproteobacteria","Sphingomonadales","Sphingomonadaceae","Novosphingobium","aromaticivorans"
"93064","Bacteria","Pseudomonadota","Alphaproteobacteria","Sphingomonadales","Sphingomonadaceae","Sphingomonas","koreensis"
"2878542","Bacteria","Pseudomonadota","Alphaproteobacteria","Sphingomonadales","Sphingomonadaceae","Sphingobium","sp. CFD-2"
"1843368","Bacteria","Pseudomonadota","Alphaproteobacteria","Sphingomonadales","Sphingomonadaceae","Sphingobium","sp. RAC03"
"120107","Bacteria","Pseudomonadota","Alphaproteobacteria","Sphingomonadales","Sphingomonadaceae","Sphingobium","cloacae"
"33052","Bacteria","Pseudomonadota","Alphaproteobacteria","Sphingomonadales","Sphingomonadaceae","Sphingopyxis","terrae"
"114616","Bacteria","Pseudomonadota","Alphaproteobacteria","Hyphomicrobiales","Methylobacteriaceae","Methylobacterium","nodulans"
"2979870","Bacteria","Pseudomonadota","Alphaproteobacteria","Hyphomicrobiales","Phyllobacteriaceae","Aminobacter","sp. NyZ550"
"2493676","Bacteria","Pseudomonadota","Alphaproteobacteria","Hyphomicrobiales","Phyllobacteriaceae","Mesorhizobium","sp. M3A.F.Ca.ET.080.04.2.1"
"555315","Bacteria","Pseudomonadota","Alphaproteobacteria","Hyphomicrobiales","Rhizobiaceae","Ensifer","canadensis"
"2570229","Bacteria","Pseudomonadota","Alphaproteobacteria","Hyphomicrobiales","Phreatobacteraceae","Phreatobacter","aquaticus"
"1868589","Bacteria","Pseudomonadota","Alphaproteobacteria","Hyphomicrobiales","Phreatobacteraceae","Phreatobacter","cathodiphilus"
"2895980","Bacteria","Pseudomonadota","Alphaproteobacteria","Hyphomicrobiales","Terrirubraceae","Terrirubrum","Terrarubrum flagellatum"
"2065378","Bacteria","Pseudomonadota","Alphaproteobacteria","Hyphomicrobiales","Stappiaceae","Breoghania","sp."
"659350","Bacteria","Pseudomonadota","Alphaproteobacteria","Rhodobacterales","Paracoccaceae","Paracoccus","stylophorae"
"3015996","Bacteria","Pseudomonadota","Alphaproteobacteria","Caulobacterales","Caulobacteraceae","Caulobacter","sp. NIBR2454"
"504468","Bacteria","Pseudomonadota","Alphaproteobacteria","Rhodospirillales","Acetobacteraceae","Rhodovastum","atsumiense"
"358220","Bacteria","Pseudomonadota","Betaproteobacteria","Burkholderiales","Comamonadaceae","Acidovorax","sp. KKS102"
"3140252","Bacteria","Pseudomonadota","Betaproteobacteria","Burkholderiales","Comamonadaceae","Acidovorax","sp. FHTAMBA"
"1842533","Bacteria","Pseudomonadota","Betaproteobacteria","Burkholderiales","Comamonadaceae","Acidovorax","sp. RAC01"
"758826","Bacteria","Pseudomonadota","Betaproteobacteria","Burkholderiales","Comamonadaceae","Acidovorax","radicis"
"80878","Bacteria","Pseudomonadota","Betaproteobacteria","Burkholderiales","Comamonadaceae","Acidovorax","temperans"
"1715720","Bacteria","Pseudomonadota","Betaproteobacteria","Burkholderiales","Comamonadaceae","Diaphorobacter","ruginosibacter"
"2608999","Bacteria","Pseudomonadota","Betaproteobacteria","Burkholderiales","Burkholderiaceae","Cupriavidus","cauae"
"82541","Bacteria","Pseudomonadota","Betaproteobacteria","Burkholderiales","Burkholderiaceae","Cupriavidus","gilardii"
"164546","Bacteria","Pseudomonadota","Betaproteobacteria","Burkholderiales","Burkholderiaceae","Cupriavidus","taiwanensis"
"92647","Bacteria","Pseudomonadota","Betaproteobacteria","Burkholderiales","Burkholderiaceae","Paraburkholderia","tropica"
"1746199","Bacteria","Pseudomonadota","Betaproteobacteria","Burkholderiales","Alcaligenaceae","Bordetella","sp. N"
"2005884","Bacteria","Pseudomonadota","Betaproteobacteria","Rhodocyclales","Zoogloeaceae","Thauera","sp. K11"
"82348","Bacteria","Bacillota","Bacilli","Lactobacillales","Streptococcaceae","Streptococcus","pluranimalium"
"216816","Bacteria","Actinomycetota","Actinomycetes","Bifidobacteriales","Bifidobacteriaceae","Bifidobacterium","longum"
"1710","Bacteria","Actinomycetota","Actinomycetes","Micrococcales","Promicromonosporaceae","Cellulosimicrobium","cellulans"
"1718","Bacteria","Actinomycetota","Actinomycetes","Mycobacteriales","Corynebacteriaceae","Corynebacterium","glutamicum"
"160386","Bacteria","Actinomycetota","Actinomycetes","Mycobacteriales","Corynebacteriaceae","Corynebacterium","casei"
"712157","Bacteria","Actinomycetota","Coriobacteriia","Coriobacteriales","Atopobiaceae","Atopobium","sp. oral taxon 416"
"74426","Bacteria","Actinomycetota","Coriobacteriia","Coriobacteriales","Coriobacteriaceae","Collinsella","aerofaciens"
"328813","Bacteria","Bacteroidota","Bacteroidia","Bacteroidales","Rikenellaceae","Alistipes","onderdonkii"
"328814","Bacteria","Bacteroidota","Bacteroidia","Bacteroidales","Rikenellaceae","Alistipes","shahii"
"2892996","Bacteria","Actinomycetota","Actinomycetes","Kitasatosporales","Streptomycetaceae","Streptomyces","sp. SCSIO ZS0520"
"35621","Bacteria","Actinomycetota","Actinomycetes","Kitasatosporales","Streptomycetaceae","Streptomyces","mobaraensis"
"1642299","Bacteria","Actinomycetota","Actinomycetes","Kitasatosporales","Streptomycetaceae","Streptomyces","alfalfae"
"1705","Bacteria","Actinomycetota","Actinomycetes","Mycobacteriales","Corynebacteriaceae","Corynebacterium","stationis"
"1824","Bacteria","Actinomycetota","Actinomycetes","Mycobacteriales","Nocardiaceae","Nocardia","asteroides"
"103816","Bacteria","Actinomycetota","Actinomycetes","Mycobacteriales","Nocardiaceae","Rhodococcus","pyridinivorans"
"322509","Bacteria","Actinomycetota","Actinomycetes","Mycobacteriales","Dietziaceae","Dietzia","kunjamensis"
"1680","Bacteria","Actinomycetota","Actinomycetes","Bifidobacteriales","Bifidobacteriaceae","Bifidobacterium","adolescentis"
"1714373","Bacteria","Actinomycetota","Actinomycetes","Micrococcales","Microbacteriaceae","Microbacterium","sp. No. 7"
"2981139","Bacteria","Actinomycetota","Actinomycetes","Micrococcales","Microbacteriaceae","Microbacterium","sp. AB"
"2782166","Bacteria","Actinomycetota","Actinomycetes","Micrococcales","Microbacteriaceae","Microbacterium","abyssi"
"273677","Bacteria","Actinomycetota","Actinomycetes","Micrococcales","Microbacteriaceae","Microbacterium","oleivorans"
"162426","Bacteria","Actinomycetota","Actinomycetes","Micrococcales","Microbacteriaceae","Microbacterium","hominis"
"582680","Bacteria","Actinomycetota","Actinomycetes","Micrococcales","Microbacteriaceae","Microbacterium","azadirachtae"
"2509458","Bacteria","Actinomycetota","Actinomycetes","Micrococcales","Microbacteriaceae","Microbacterium","protaetiae"
"2851646","Bacteria","Actinomycetota","Actinomycetes","Micrococcales","Microbacteriaceae","Microbacterium","galbinum"
"2033","Bacteria","Actinomycetota","Actinomycetes","Micrococcales","Microbacteriaceae","Microbacterium","testaceum"
"1729695","Bacteria","Actinomycetota","Actinomycetes","Micrococcales","Microbacteriaceae","Gulosibacter","sediminis"
"2866588","Bacteria","Actinomycetota","Actinomycetes","Micrococcales","Microbacteriaceae","Pseudoclavibacter","sp. Marseille-Q3772"
"1270","Bacteria","Actinomycetota","Actinomycetes","Micrococcales","Micrococcaceae","Micrococcus","luteus"
"2759167","Bacteria","Actinomycetota","Actinomycetes","Micrococcales","Dermabacteraceae","Brachybacterium","sp. Z12"
"2045","Bacteria","Actinomycetota","Actinomycetes","Propionibacteriales","Nocardioidaceae","Pimelobacter","simplex"
"604330","Bacteria","Actinomycetota","Coriobacteriia","Coriobacteriales","Atopobiaceae","Parafannyhessea","umbonata"
"303","Bacteria","Pseudomonadota","Gammaproteobacteria","Pseudomonadales","Pseudomonadaceae","Pseudomonas","putida"
"294","Bacteria","Pseudomonadota","Gammaproteobacteria","Pseudomonadales","Pseudomonadaceae","Pseudomonas","fluorescens"
"587753","Bacteria","Pseudomonadota","Gammaproteobacteria","Pseudomonadales","Pseudomonadaceae","Pseudomonas","chlororaphis"
"797277","Bacteria","Pseudomonadota","Gammaproteobacteria","Pseudomonadales","Pseudomonadaceae","Halopseudomonas","litoralis"
"316","Bacteria","Pseudomonadota","Gammaproteobacteria","Pseudomonadales","Pseudomonadaceae","Stutzerimonas","stutzeri"
"861445","Bacteria","Pseudomonadota","Gammaproteobacteria","Moraxellales","Moraxellaceae","Psychrobacter","sanguinis"
"1896164","Bacteria","Pseudomonadota","Gammaproteobacteria","Lysobacterales","Lysobacteraceae","Luteimonas","sp. JM171"
"69","Bacteria","Pseudomonadota","Gammaproteobacteria","Lysobacterales","Lysobacteraceae","Lysobacter","enzymogenes"
"94625","Bacteria","Pseudomonadota","Alphaproteobacteria","Hyphomicrobiales","Brucellaceae","Brucella","intermedia"
"2051553","Bacteria","Pseudomonadota","Alphaproteobacteria","Hyphomicrobiales","Methylobacteriaceae","Methylobacterium","currus"
"1775910","Bacteria","Pseudomonadota","Alphaproteobacteria","Hyphomicrobiales","Methylobacteriaceae","Methylobacterium","indicum"
"334852","Bacteria","Pseudomonadota","Alphaproteobacteria","Hyphomicrobiales","Methylobacteriaceae","Methylobacterium","oryzae"
"2202828","Bacteria","Pseudomonadota","Alphaproteobacteria","Hyphomicrobiales","Methylobacteriaceae","Methylobacterium","radiodurans"
"1752398","Bacteria","Pseudomonadota","Alphaproteobacteria","Hyphomicrobiales","Rhizobiaceae","Sinorhizobium","alkalisoli"
"2871820","Bacteria","Pseudomonadota","Alphaproteobacteria","Hyphomicrobiales","Rhizobiaceae","Shinella","oryzae"
"2952477","Bacteria","Pseudomonadota","Alphaproteobacteria","Hyphomicrobiales","Rhizobiaceae","Rhizobium","sp. SSA_523"
"675281","Bacteria","Pseudomonadota","Alphaproteobacteria","Hyphomicrobiales","Phyllobacteriaceae","Aquibium","microcysteis"
"3039801","Bacteria","Pseudomonadota","Alphaproteobacteria","Hyphomicrobiales","Xanthobacteraceae","Ancylobacter","sp. WKF20"
"223390","Bacteria","Pseudomonadota","Alphaproteobacteria","Hyphomicrobiales","Xanthobacteraceae","Ancylobacter","polymorphus"
"1701758","Bacteria","Pseudomonadota","Alphaproteobacteria","Hyphomicrobiales","Aurantimonadaceae","Aureimonas","populi"
"1702325","Bacteria","Pseudomonadota","Alphaproteobacteria","Hyphomicrobiales","Chelatococcaceae","Chelatococcus","sp. CO-6"
"1712261","Bacteria","Pseudomonadota","Alphaproteobacteria","Hyphomicrobiales","Parvibaculaceae","Pyruvatibacter","mobilis"
"2682968","Bacteria","Pseudomonadota","Alphaproteobacteria","Hyphomicrobiales","Hyphomicrobiaceae","Hyphomicrobium","sp. ghe19"
"147645","Bacteria","Pseudomonadota","Alphaproteobacteria","Rhodobacterales","Paracoccaceae","Paracoccus","yeei"
"34002","Bacteria","Pseudomonadota","Alphaproteobacteria","Rhodobacterales","Paracoccaceae","Paracoccus","alcaliphilus"
"2579971","Bacteria","Pseudomonadota","Alphaproteobacteria","Rhodobacterales","Paracoccaceae","Paroceanicella","profunda"
"1250539","Bacteria","Pseudomonadota","Alphaproteobacteria","Rhodobacterales","Roseobacteraceae","Salipiger","abyssi"
"2565555","Bacteria","Pseudomonadota","Alphaproteobacteria","Sphingomonadales","Sphingomonadaceae","Sphingomonas","sp. PAMC26645"
"1327635","Bacteria","Pseudomonadota","Alphaproteobacteria","Sphingomonadales","Sphingomonadaceae","Sphingomonas","psychrotolerans"
"424800","Bacteria","Pseudomonadota","Alphaproteobacteria","Sphingomonadales","Sphingomonadaceae","Sphingomonas","insulae"
"2071607","Bacteria","Pseudomonadota","Alphaproteobacteria","Sphingomonadales","Sphingomonadaceae","Sphingomonas","rhizophila"
"3012344","Bacteria","Pseudomonadota","Alphaproteobacteria","Sphingomonadales","Sphingomonadaceae","Sphingomonas","abietis"
"121428","Bacteria","Pseudomonadota","Alphaproteobacteria","Sphingomonadales","Sphingomonadaceae","Sphingobium","xenophagum"
"33050","Bacteria","Pseudomonadota","Alphaproteobacteria","Sphingomonadales","Sphingomonadaceae","Sphingopyxis","macrogoltabida"
"2775420","Bacteria","Pseudomonadota","Alphaproteobacteria","Rhodospirillales","Azospirillaceae","Skermanella","sp. TT6"
"1789672","Bacteria","Pseudomonadota","Alphaproteobacteria","Rhodospirillales","Azospirillaceae","Skermanella","mucosa"
"682998","Bacteria","Pseudomonadota","Alphaproteobacteria","Rhodospirillales","Azospirillaceae","Azospirillum","ramasamyi"
"204525","Bacteria","Pseudomonadota","Alphaproteobacteria","Rhodospirillales","Acetobacteraceae","Pseudoroseomonas","cervicalis"
"2768162","Bacteria","Pseudomonadota","Alphaproteobacteria","Rhodospirillales","Acetobacteraceae","Roseomonas","haemaphysalidis"
"3114537","Bacteria","Pseudomonadota","Alphaproteobacteria","Rhodospirillales","Acetobacteraceae","Pararoseomonas","sp. SCSIO 73927"
"2594003","Bacteria","Pseudomonadota","Alphaproteobacteria","Rhodospirillales","Rhodospirillaceae","Ferrovibrio","terrae"
"1416806","Bacteria","Pseudomonadota","Betaproteobacteria","Burkholderiales","Alcaligenaceae","Bordetella","genomosp. 8"
"463014","Bacteria","Pseudomonadota","Betaproteobacteria","Burkholderiales","Alcaligenaceae","Bordetella","flabilis"
"94624","Bacteria","Pseudomonadota","Betaproteobacteria","Burkholderiales","Alcaligenaceae","Bordetella","petrii"
"1758194","Bacteria","Pseudomonadota","Betaproteobacteria","Burkholderiales","Alcaligenaceae","Achromobacter","sp. AONIH1"
"2069367","Bacteria","Pseudomonadota","Betaproteobacteria","Burkholderiales","Alcaligenaceae","Achromobacter","veterisilvae"
"292","Bacteria","Pseudomonadota","Betaproteobacteria","Burkholderiales","Burkholderiaceae","Burkholderia","cepacia"
"95485","Bacteria","Pseudomonadota","Betaproteobacteria","Burkholderiales","Burkholderiaceae","Burkholderia","stabilis"
"28450","Bacteria","Pseudomonadota","Betaproteobacteria","Burkholderiales","Burkholderiaceae","Burkholderia","pseudomallei"
"190721","Bacteria","Pseudomonadota","Betaproteobacteria","Burkholderiales","Burkholderiaceae","Ralstonia","insidiosa"
"2774875","Bacteria","Pseudomonadota","Betaproteobacteria","Burkholderiales","Comamonadaceae","Variovorax","sp. 38R"
"207745","Bacteria","Pseudomonadota","Betaproteobacteria","Burkholderiales","Comamonadaceae","Variovorax","sp. WDL1"
"282217","Bacteria","Pseudomonadota","Betaproteobacteria","Burkholderiales","Comamonadaceae","Variovorax","sp. SRS16"
"32013","Bacteria","Pseudomonadota","Betaproteobacteria","Burkholderiales","Comamonadaceae","Comamonas","terrigena"
"1763535","Bacteria","Pseudomonadota","Betaproteobacteria","Burkholderiales","Comamonadaceae","Hydrogenophaga","crassostreae"
"2940488","Bacteria","Pseudomonadota","Betaproteobacteria","Burkholderiales","Comamonadaceae","Acidovorax","sp. NCPPB 3576"
"3081231","Bacteria","Pseudomonadota","Betaproteobacteria","Burkholderiales","Comamonadaceae","Ottowia","sp. SB7-C50"
"215580","Bacteria","Pseudomonadota","Betaproteobacteria","Burkholderiales","Sphaerotilaceae","Caldimonas","thermodepolymerans"
"28068","Bacteria","Pseudomonadota","Betaproteobacteria","Burkholderiales","Sphaerotilaceae","Rubrivivax","gelatinosus"
"946333","Bacteria","Pseudomonadota","Betaproteobacteria","Burkholderiales","Sphaerotilaceae","Piscinibacter","gummiphilus"
"3089814","Bacteria","Pseudomonadota","Betaproteobacteria","Burkholderiales","Oxalobacteraceae","Xylophilus","sp. GOD-11R"
"194197","Bacteria","Pseudomonadota","Betaproteobacteria","Neisseriales","Neisseriaceae","Neisseria","dentiae"
"820","Bacteria","Bacteroidota","Bacteroidia","Bacteroidales","Bacteroidaceae","Bacteroides","uniformis"
"817","Bacteria","Bacteroidota","Bacteroidia","Bacteroidales","Bacteroidaceae","Bacteroides","fragilis"
"821","Bacteria","Bacteroidota","Bacteroidia","Bacteroidales","Bacteroidaceae","Phocaeicola","vulgatus"
"239935","Bacteria","Verrucomicrobiota","Verrucomicrobiia","Verrucomicrobiales","Akkermansiaceae","Akkermansia","muciniphila"
"3135262","Bacteria","Actinomycetota","Actinomycetes","Micrococcales","Microbacteriaceae","Microbacterium","sp. LWO13-1.2"
"3025663","Bacteria","Actinomycetota","Actinomycetes","Micrococcales","Microbacteriaceae","Microbacterium","sp. Clip185"
"3135255","Bacteria","Actinomycetota","Actinomycetes","Micrococcales","Microbacteriaceae","Microbacterium","sp. LWH10-1.2"
"367477","Bacteria","Actinomycetota","Actinomycetes","Micrococcales","Microbacteriaceae","Microbacterium","sp. XT11"
"1906742","Bacteria","Actinomycetota","Actinomycetes","Micrococcales","Microbacteriaceae","Microbacterium","sp. BH-3-3-3"
"3049072","Bacteria","Actinomycetota","Actinomycetes","Micrococcales","Microbacteriaceae","Microbacterium","sp. zg-Y818"
"3049073","Bacteria","Actinomycetota","Actinomycetes","Micrococcales","Microbacteriaceae","Microbacterium","sp. zg-Y1090"
"2654193","Bacteria","Actinomycetota","Actinomycetes","Micrococcales","Microbacteriaceae","Microbacterium","sp. JZ37"
"2268461","Bacteria","Actinomycetota","Actinomycetes","Micrococcales","Microbacteriaceae","Microbacterium","sp. ABRD28"
"2763257","Bacteria","Actinomycetota","Actinomycetes","Micrococcales","Microbacteriaceae","Microbacterium","sp. YJN-G"
"3049070","Bacteria","Actinomycetota","Actinomycetes","Micrococcales","Microbacteriaceae","Microbacterium","sp. zg-B185"
"912630","Bacteria","Actinomycetota","Actinomycetes","Micrococcales","Microbacteriaceae","Microbacterium","sp. LKL04"
"3142976","Bacteria","Actinomycetota","Actinomycetes","Micrococcales","Microbacteriaceae","Microbacterium","sp. AZCO"
"2995140","Bacteria","Actinomycetota","Actinomycetes","Micrococcales","Microbacteriaceae","Microbacterium","sp. SL75"
"2925844","Bacteria","Actinomycetota","Actinomycetes","Micrococcales","Microbacteriaceae","Microbacterium","sp. H1-D42"
"2909588","Bacteria","Actinomycetota","Actinomycetes","Micrococcales","Microbacteriaceae","Microbacterium","sp. KUDC0406"
"3019890","Bacteria","Actinomycetota","Actinomycetes","Micrococcales","Microbacteriaceae","Microbacterium","sp. nov. GSS16"
"2048898","Bacteria","Actinomycetota","Actinomycetes","Micrococcales","Microbacteriaceae","Microbacterium","sp. Y-01"
"2734618","Bacteria","Actinomycetota","Actinomycetes","Micrococcales","Microbacteriaceae","Microbacterium","sp. NIBRBAC000506063"
"1906274","Bacteria","Actinomycetota","Actinomycetes","Micrococcales","Microbacteriaceae","Microbacterium","sp. JZ31"
"2567934","Bacteria","Actinomycetota","Actinomycetes","Micrococcales","Microbacteriaceae","Microbacterium","sp. 4R-513"
"2809708","Bacteria","Actinomycetota","Actinomycetes","Micrococcales","Microbacteriaceae","Microbacterium","sp. EF45047"
"2962064","Bacteria","Actinomycetota","Actinomycetes","Micrococcales","Microbacteriaceae","Microbacterium","sp. M28"
"2483401","Bacteria","Actinomycetota","Actinomycetes","Micrococcales","Microbacteriaceae","Microbacterium","sp. 10M-3C3"
"2606451","Bacteria","Actinomycetota","Actinomycetes","Micrococcales","Microbacteriaceae","Microbacterium","sp. 1S1"
"2014534","Bacteria","Actinomycetota","Actinomycetes","Micrococcales","Microbacteriaceae","Microbacterium","sp. PM5"
"3050384","Bacteria","Actinomycetota","Actinomycetes","Micrococcales","Microbacteriaceae","Microbacterium","sp. ET2"
"1938334","Bacteria","Actinomycetota","Actinomycetes","Micrococcales","Microbacteriaceae","Microbacterium","sp. TPU 3598"
"904291","Bacteria","Actinomycetota","Actinomycetes","Micrococcales","Microbacteriaceae","Microbacterium","sediminis"
"3028316","Bacteria","Actinomycetota","Actinomycetes","Micrococcales","Microbacteriaceae","Microbacterium","horticulturae"
"82380","Bacteria","Actinomycetota","Actinomycetes","Micrococcales","Microbacteriaceae","Microbacterium","oxydans"
"57043","Bacteria","Actinomycetota","Actinomycetes","Micrococcales","Microbacteriaceae","Microbacterium","esteraromaticum"
"36805","Bacteria","Actinomycetota","Actinomycetes","Micrococcales","Microbacteriaceae","Microbacterium","aurum"
"104336","Bacteria","Actinomycetota","Actinomycetes","Micrococcales","Microbacteriaceae","Microbacterium","foliorum"
"1072463","Bacteria","Actinomycetota","Actinomycetes","Micrococcales","Microbacteriaceae","Microbacterium","lemovicicum"
"515415","Bacteria","Actinomycetota","Actinomycetes","Micrococcales","Microbacteriaceae","Microbacterium","invictum"
"3079935","Bacteria","Actinomycetota","Actinomycetes","Micrococcales","Microbacteriaceae","Microbacterium","limosum"
"156977","Bacteria","Actinomycetota","Actinomycetes","Micrococcales","Microbacteriaceae","Microbacterium","resistens"
"2782169","Bacteria","Actinomycetota","Actinomycetes","Micrococcales","Microbacteriaceae","Microbacterium","cremeum"
"69362","Bacteria","Actinomycetota","Actinomycetes","Micrococcales","Microbacteriaceae","Microbacterium","schleiferi"
"2782167","Bacteria","Actinomycetota","Actinomycetes","Micrococcales","Microbacteriaceae","Microbacterium","luteum"
"2782168","Bacteria","Actinomycetota","Actinomycetes","Micrococcales","Microbacteriaceae","Microbacterium","atlanticum"
"1678237","Bacteria","Actinomycetota","Actinomycetes","Micrococcales","Microbacteriaceae","Microbacterium","rhizosphaerae"
"370764","Bacteria","Actinomycetota","Actinomycetes","Micrococcales","Microbacteriaceae","Microbacterium","pygmaeum"
"2909587","Bacteria","Actinomycetota","Actinomycetes","Micrococcales","Microbacteriaceae","Microbacterium","elymi"
"1526412","Bacteria","Actinomycetota","Actinomycetes","Micrococcales","Microbacteriaceae","Microbacterium","endophyticum"
"683047","Bacteria","Actinomycetota","Actinomycetes","Micrococcales","Microbacteriaceae","Microbacterium","suwonense"
"2541726","Bacteria","Actinomycetota","Actinomycetes","Micrococcales","Microbacteriaceae","Microbacterium","wangchenii"
"2851649","Bacteria","Actinomycetota","Actinomycetes","Micrococcales","Microbacteriaceae","Microbacterium","sufflavum"
"33918","Bacteria","Actinomycetota","Actinomycetes","Micrococcales","Microbacteriaceae","Microbacterium","liquefaciens"
"2614638","Bacteria","Actinomycetota","Actinomycetes","Micrococcales","Microbacteriaceae","Microbacterium","caowuchunii"
"2509455","Bacteria","Actinomycetota","Actinomycetes","Micrococcales","Microbacteriaceae","Agromyces","protaetiae"
"256821","Bacteria","Actinomycetota","Actinomycetes","Micrococcales","Microbacteriaceae","Gulosibacter","molinativorax"
"1798223","Bacteria","Actinomycetota","Actinomycetes","Micrococcales","Microbacteriaceae","Leifsonia","sp. 21MFCrub1.1"
"1619308","Bacteria","Actinomycetota","Actinomycetes","Micrococcales","Microbacteriaceae","Cnuibacter","physcomitrellae"
"1906","Bacteria","Actinomycetota","Actinomycetes","Kitasatosporales","Streptomycetaceae","Streptomyces","fradiae"
"1942","Bacteria","Actinomycetota","Actinomycetes","Kitasatosporales","Streptomycetaceae","Streptomyces","goshikiensis"
"141349","Bacteria","Actinomycetota","Actinomycetes","Mycobacteriales","Mycobacteriaceae","Mycobacterium","lentiflavum"
"37919","Bacteria","Actinomycetota","Actinomycetes","Mycobacteriales","Nocardiaceae","Rhodococcus","opacus"
"2760713","Bacteria","Bacteroidota","Chitinophagia","Chitinophagales","Chitinophagaceae","Lacibacter","sediminis"
"1813871","Bacteria","Bacteroidota","Chitinophagia","Chitinophagales","Chitinophagaceae","Panacibacter","ginsenosidivorans"
"575378","Bacteria","Bacteroidota","Chitinophagia","Chitinophagales","Chitinophagaceae","Sediminibacterium","sp. TEGAF015"
"615","Bacteria","Pseudomonadota","Gammaproteobacteria","Enterobacterales","Yersiniaceae","Serratia","marcescens"
"3039156","Bacteria","Pseudomonadota","Alphaproteobacteria","Hyphomicrobiales","Rhizobiaceae","Rhizobium","sp. CB3090"
"1223565","Bacteria","Pseudomonadota","Alphaproteobacteria","Hyphomicrobiales","Rhizobiaceae","Rhizobium","sp. Pop5"
"2849093","Bacteria","Pseudomonadota","Alphaproteobacteria","Hyphomicrobiales","Rhizobiaceae","Rhizobium","sp. WYJ-E13"
"2613770","Bacteria","Pseudomonadota","Alphaproteobacteria","Hyphomicrobiales","Rhizobiaceae","Rhizobium","sp. BG4"
"2806346","Bacteria","Pseudomonadota","Alphaproteobacteria","Hyphomicrobiales","Rhizobiaceae","Rhizobium","sp. SL42"
"2795216","Bacteria","Pseudomonadota","Alphaproteobacteria","Hyphomicrobiales","Rhizobiaceae","Rhizobium","sp. AB2/73"
"2926709","Bacteria","Pseudomonadota","Alphaproteobacteria","Hyphomicrobiales","Rhizobiaceae","Rhizobium","sp. CC-CFT758"
"384","Bacteria","Pseudomonadota","Alphaproteobacteria","Hyphomicrobiales","Rhizobiaceae","Rhizobium","leguminosarum"
"293958","Bacteria","Pseudomonadota","Alphaproteobacteria","Hyphomicrobiales","Rhizobiaceae","Rhizobium","lusitanum"
"1395951","Bacteria","Pseudomonadota","Alphaproteobacteria","Hyphomicrobiales","Rhizobiaceae","Rhizobium","gei"
"2081791","Bacteria","Pseudomonadota","Alphaproteobacteria","Hyphomicrobiales","Rhizobiaceae","Rhizobium","ruizarguesonis"
"1138194","Bacteria","Pseudomonadota","Alphaproteobacteria","Hyphomicrobiales","Rhizobiaceae","Rhizobium","lentis"
"29449","Bacteria","Pseudomonadota","Alphaproteobacteria","Hyphomicrobiales","Rhizobiaceae","Rhizobium","etli"
"359","Bacteria","Pseudomonadota","Alphaproteobacteria","Hyphomicrobiales","Rhizobiaceae","Rhizobium","rhizogenes"
"2041385","Bacteria","Pseudomonadota","Alphaproteobacteria","Hyphomicrobiales","Rhizobiaceae","Rhizobium","tumorigenes"
"398","Bacteria","Pseudomonadota","Alphaproteobacteria","Hyphomicrobiales","Rhizobiaceae","Rhizobium","tropici"
"56730","Bacteria","Pseudomonadota","Alphaproteobacteria","Hyphomicrobiales","Rhizobiaceae","Rhizobium","gallicum"
"358","Bacteria","Pseudomonadota","Alphaproteobacteria","Hyphomicrobiales","Rhizobiaceae","Agrobacterium","tumefaciens"
"373","Bacteria","Pseudomonadota","Alphaproteobacteria","Hyphomicrobiales","Rhizobiaceae","Agrobacterium","vitis"
"399","Bacteria","Pseudomonadota","Alphaproteobacteria","Hyphomicrobiales","Rhizobiaceae","Neorhizobium","galegae"
"515361","Bacteria","Pseudomonadota","Alphaproteobacteria","Hyphomicrobiales","Rhizobiaceae","Neorhizobium","petrolearium"
"2986920","Bacteria","Pseudomonadota","Alphaproteobacteria","Hyphomicrobiales","Rhizobiaceae","Pararhizobium","sp. YC-54"
"2986923","Bacteria","Pseudomonadota","Alphaproteobacteria","Hyphomicrobiales","Rhizobiaceae","Pararhizobium","sp. BT-229"
"3031126","Bacteria","Pseudomonadota","Alphaproteobacteria","Hyphomicrobiales","Rhizobiaceae","Pararhizobium","qamdonense"
"1335061","Bacteria","Pseudomonadota","Alphaproteobacteria","Hyphomicrobiales","Rhizobiaceae","Pseudorhizobium","flavum"
"379684","Bacteria","Pseudomonadota","Alphaproteobacteria","Hyphomicrobiales","Rhizobiaceae","Allorhizobium","pseudoryzae"
"194963","Bacteria","Pseudomonadota","Alphaproteobacteria","Hyphomicrobiales","Rhizobiaceae","Sinorhizobium","americanum"
"794846","Bacteria","Pseudomonadota","Alphaproteobacteria","Hyphomicrobiales","Rhizobiaceae","Sinorhizobium","sp. CCBAU 05631"
"382","Bacteria","Pseudomonadota","Alphaproteobacteria","Hyphomicrobiales","Rhizobiaceae","Sinorhizobium","meliloti"
"716925","Bacteria","Pseudomonadota","Alphaproteobacteria","Hyphomicrobiales","Rhizobiaceae","Sinorhizobium","sojae"
"680247","Bacteria","Pseudomonadota","Alphaproteobacteria","Hyphomicrobiales","Rhizobiaceae","Sinorhizobium","garamanticum"
"501572","Bacteria","Pseudomonadota","Alphaproteobacteria","Hyphomicrobiales","Rhizobiaceae","Sinorhizobium","chiapasense"
"2811423","Bacteria","Pseudomonadota","Alphaproteobacteria","Hyphomicrobiales","Rhizobiaceae","Ensifer","sp. PDNC004"
"2877941","Bacteria","Pseudomonadota","Alphaproteobacteria","Hyphomicrobiales","Rhizobiaceae","Shinella","sp. XGS7"
"2715959","Bacteria","Pseudomonadota","Alphaproteobacteria","Hyphomicrobiales","Rhizobiaceae","Shinella","sp. PSBB067"
"2341112","Bacteria","Pseudomonadota","Alphaproteobacteria","Hyphomicrobiales","Rhizobiaceae","Georhizobium","profundi"
"1969821","Bacteria","Pseudomonadota","Alphaproteobacteria","Hyphomicrobiales","Rhizobiaceae","Ciceribacter","thiooxidans"
"2782674","Bacteria","Pseudomonadota","Alphaproteobacteria","Hyphomicrobiales","Nitrobacteraceae","Bradyrhizobium","sp. 40"
"3140246","Bacteria","Pseudomonadota","Alphaproteobacteria","Hyphomicrobiales","Nitrobacteraceae","Bradyrhizobium","sp. B117"
"2782686","Bacteria","Pseudomonadota","Alphaproteobacteria","Hyphomicrobiales","Nitrobacteraceae","Bradyrhizobium","sp. CW1"
"931866","Bacteria","Pseudomonadota","Alphaproteobacteria","Hyphomicrobiales","Nitrobacteraceae","Bradyrhizobium","ottawaense"
"2991972","Bacteria","Pseudomonadota","Alphaproteobacteria","Hyphomicrobiales","Nitrobacteraceae","Rhodopseudomonas","sp. P2A-2r"
"1333996","Bacteria","Pseudomonadota","Alphaproteobacteria","Hyphomicrobiales","Nitrobacteraceae","Variibacter","gotjawalensis"
"3076039","Bacteria","Pseudomonadota","Alphaproteobacteria","Hyphomicrobiales","Nitrobacteraceae","Tardiphaga","sp. 709"
"1404799","Bacteria","Pseudomonadota","Alphaproteobacteria","Hyphomicrobiales","Nitrobacteraceae","Tardiphaga","sp. 42S5"
"912","Bacteria","Pseudomonadota","Alphaproteobacteria","Hyphomicrobiales","Nitrobacteraceae","Nitrobacter","hamburgensis"
"913","Bacteria","Pseudomonadota","Alphaproteobacteria","Hyphomicrobiales","Nitrobacteraceae","Nitrobacter","winogradskyi"
"2483404","Bacteria","Pseudomonadota","Alphaproteobacteria","Hyphomicrobiales","Phyllobacteriaceae","Mesorhizobium","sp. NZP2077"
"2865839","Bacteria","Pseudomonadota","Alphaproteobacteria","Hyphomicrobiales","Phyllobacteriaceae","Mesorhizobium","sp. AR10"
"2493678","Bacteria","Pseudomonadota","Alphaproteobacteria","Hyphomicrobiales","Phyllobacteriaceae","Mesorhizobium","sp. M7D.F.Ca.US.005.01.1.1"
"2584466","Bacteria","Pseudomonadota","Alphaproteobacteria","Hyphomicrobiales","Phyllobacteriaceae","Mesorhizobium","sp. 8"
"2589976","Bacteria","Pseudomonadota","Alphaproteobacteria","Hyphomicrobiales","Phyllobacteriaceae","Mesorhizobium","sp. B1-1-8"
"2956833","Bacteria","Pseudomonadota","Alphaproteobacteria","Hyphomicrobiales","Phyllobacteriaceae","Mesorhizobium","sp. C399B"
"2744518","Bacteria","Pseudomonadota","Alphaproteobacteria","Hyphomicrobiales","Phyllobacteriaceae","Mesorhizobium","sp. 131-2-1"
"2744523","Bacteria","Pseudomonadota","Alphaproteobacteria","Hyphomicrobiales","Phyllobacteriaceae","Mesorhizobium","sp. L-8-10"
"2744516","Bacteria","Pseudomonadota","Alphaproteobacteria","Hyphomicrobiales","Phyllobacteriaceae","Mesorhizobium","sp. 113-3-3"
"2744515","Bacteria","Pseudomonadota","Alphaproteobacteria","Hyphomicrobiales","Phyllobacteriaceae","Mesorhizobium","sp. 113-1-2"
"2108445","Bacteria","Pseudomonadota","Alphaproteobacteria","Hyphomicrobiales","Phyllobacteriaceae","Mesorhizobium","sp. DCY119"
"2493668","Bacteria","Pseudomonadota","Alphaproteobacteria","Hyphomicrobiales","Phyllobacteriaceae","Mesorhizobium","sp. M9A.F.Ca.ET.002.03.1.2"
"2493670","Bacteria","Pseudomonadota","Alphaproteobacteria","Hyphomicrobiales","Phyllobacteriaceae","Mesorhizobium","sp. M2A.F.Ca.ET.043.02.1.1"
"2589974","Bacteria","Pseudomonadota","Alphaproteobacteria","Hyphomicrobiales","Phyllobacteriaceae","Mesorhizobium","sp. B2-1-1"
"2589888","Bacteria","Pseudomonadota","Alphaproteobacteria","Hyphomicrobiales","Phyllobacteriaceae","Mesorhizobium","sp. B4-1-4"
"2493671","Bacteria","Pseudomonadota","Alphaproteobacteria","Hyphomicrobiales","Phyllobacteriaceae","Mesorhizobium","sp. M2A.F.Ca.ET.043.05.1.1"
"1854057","Bacteria","Pseudomonadota","Alphaproteobacteria","Hyphomicrobiales","Phyllobacteriaceae","Mesorhizobium","sp. AA22"
"2865837","Bacteria","Pseudomonadota","Alphaproteobacteria","Hyphomicrobiales","Phyllobacteriaceae","Mesorhizobium","sp. AR02"
"2777475","Bacteria","Pseudomonadota","Alphaproteobacteria","Hyphomicrobiales","Phyllobacteriaceae","Mesorhizobium","sp. J8"
"2744521","Bacteria","Pseudomonadota","Alphaproteobacteria","Hyphomicrobiales","Phyllobacteriaceae","Mesorhizobium","sp. L-2-11"
"2493679","Bacteria","Pseudomonadota","Alphaproteobacteria","Hyphomicrobiales","Phyllobacteriaceae","Mesorhizobium","sp. M8A.F.Ca.ET.057.01.1.1"
"2493680","Bacteria","Pseudomonadota","Alphaproteobacteria","Hyphomicrobiales","Phyllobacteriaceae","Mesorhizobium","sp. M1A.F.Ca.IN.022.06.1.1"
"2589903","Bacteria","Pseudomonadota","Alphaproteobacteria","Hyphomicrobiales","Phyllobacteriaceae","Mesorhizobium","sp. B2-8-5"
"2654249","Bacteria","Pseudomonadota","Alphaproteobacteria","Hyphomicrobiales","Phyllobacteriaceae","Mesorhizobium","sp. NBSH29"
"2865838","Bacteria","Pseudomonadota","Alphaproteobacteria","Hyphomicrobiales","Phyllobacteriaceae","Mesorhizobium","sp. AR07"
"593909","Bacteria","Pseudomonadota","Alphaproteobacteria","Hyphomicrobiales","Phyllobacteriaceae","Mesorhizobium","opportunistum"
"39645","Bacteria","Pseudomonadota","Alphaproteobacteria","Hyphomicrobiales","Phyllobacteriaceae","Mesorhizobium","ciceri"
"1777866","Bacteria","Pseudomonadota","Alphaproteobacteria","Hyphomicrobiales","Phyllobacteriaceae","Mesorhizobium","erdmanii"
"2775404","Bacteria","Pseudomonadota","Alphaproteobacteria","Hyphomicrobiales","Phyllobacteriaceae","Mesorhizobium","onobrychidis"
"381","Bacteria","Pseudomonadota","Alphaproteobacteria","Hyphomicrobiales","Phyllobacteriaceae","Mesorhizobium","loti"
"2725666","Bacteria","Pseudomonadota","Alphaproteobacteria","Hyphomicrobiales","Phyllobacteriaceae","Mesorhizobium","terrae"
"2854036","Bacteria","Pseudomonadota","Alphaproteobacteria","Hyphomicrobiales","Phyllobacteriaceae","Nitratireductor","rhodophyticola"
"2267699","Bacteria","Pseudomonadota","Alphaproteobacteria","Hyphomicrobiales","Phyllobacteriaceae","Nitratireductor","thuwali"
"1756988","Bacteria","Pseudomonadota","Alphaproteobacteria","Hyphomicrobiales","Phyllobacteriaceae","Nitratireductor","sp. OM-1"
"83263","Bacteria","Pseudomonadota","Alphaproteobacteria","Hyphomicrobiales","Phyllobacteriaceae","Aminobacter","aminovorans"
"2718938","Bacteria","Pseudomonadota","Alphaproteobacteria","Hyphomicrobiales","Phyllobacteriaceae","Phyllobacterium","sp. 628"
"555316","Bacteria","Pseudomonadota","Alphaproteobacteria","Hyphomicrobiales","Phyllobacteriaceae","Phyllobacterium","sp. T1018"
"538381","Bacteria","Pseudomonadota","Alphaproteobacteria","Hyphomicrobiales","Stappiaceae","Stappia","indica"
"3016006","Bacteria","Pseudomonadota","Alphaproteobacteria","Hyphomicrobiales","Stappiaceae","Roseibium","sp. Sym1"
"187304","Bacteria","Pseudomonadota","Alphaproteobacteria","Hyphomicrobiales","Stappiaceae","Roseibium","aggregatum"
"2603276","Bacteria","Pseudomonadota","Alphaproteobacteria","Hyphomicrobiales","Methylobacteriaceae","Methylobacterium","sp. WL1"
"925818","Bacteria","Pseudomonadota","Alphaproteobacteria","Hyphomicrobiales","Methylobacteriaceae","Methylobacterium","sp. AMS5"
"2984843","Bacteria","Pseudomonadota","Alphaproteobacteria","Hyphomicrobiales","Methylobacteriaceae","Methylobacterium","sp. FF17"
"1479019","Bacteria","Pseudomonadota","Alphaproteobacteria","Hyphomicrobiales","Methylobacteriaceae","Methylobacterium","sp. C1"
"410","Bacteria","Pseudomonadota","Alphaproteobacteria","Hyphomicrobiales","Methylobacteriaceae","Methylobacterium","organophilum"
"2202827","Bacteria","Pseudomonadota","Alphaproteobacteria","Hyphomicrobiales","Methylobacteriaceae","Methylobacterium","terrae"
"570505","Bacteria","Pseudomonadota","Alphaproteobacteria","Hyphomicrobiales","Methylobacteriaceae","Methylobacterium","bullatum"
"2202825","Bacteria","Pseudomonadota","Alphaproteobacteria","Hyphomicrobiales","Methylobacteriaceae","Methylobacterium","durans"
"2897334","Bacteria","Pseudomonadota","Alphaproteobacteria","Hyphomicrobiales","Methylobacteriaceae","Methylorubrum","sp. B1-46"
"223967","Bacteria","Pseudomonadota","Alphaproteobacteria","Hyphomicrobiales","Methylobacteriaceae","Methylorubrum","populi"
"2807101","Bacteria","Pseudomonadota","Alphaproteobacteria","Hyphomicrobiales","Methylobacteriaceae","Microvirga","sp. VF16"
"2651334","Bacteria","Pseudomonadota","Alphaproteobacteria","Hyphomicrobiales","Methylobacteriaceae","Microvirga","thermotolerans"
"1850374","Bacteria","Pseudomonadota","Alphaproteobacteria","Hyphomicrobiales","Xanthobacteraceae","Ancylobacter","sp. TS-1"
"2789216","Bacteria","Pseudomonadota","Alphaproteobacteria","Hyphomicrobiales","Xanthobacteraceae","Labrys","sp. KNU-23"
"2419844","Bacteria","Pseudomonadota","Alphaproteobacteria","Hyphomicrobiales","Xanthobacteraceae","Xanthobacter","sp. YC-JY1"
"2709380","Bacteria","Pseudomonadota","Alphaproteobacteria","Hyphomicrobiales","Xanthobacteraceae","Starkeya","sp. ORNL1"
"2820278","Bacteria","Pseudomonadota","Alphaproteobacteria","Hyphomicrobiales","Xanthobacteraceae","Aquabacter","sp. L1I39"
"2562284","Bacteria","Pseudomonadota","Alphaproteobacteria","Hyphomicrobiales","Xanthobacteraceae","Pseudolabrys","sp. FHR47"
"529","Bacteria","Pseudomonadota","Alphaproteobacteria","Hyphomicrobiales","Brucellaceae","Brucella","anthropi"
"2816454","Bacteria","Pseudomonadota","Alphaproteobacteria","Hyphomicrobiales","Aurantimonadaceae","Aureimonas","sp. OT7"
"1349819","Bacteria","Pseudomonadota","Alphaproteobacteria","Hyphomicrobiales","Aurantimonadaceae","Aureimonas","sp. AU20"
"2758041","Bacteria","Pseudomonadota","Alphaproteobacteria","Hyphomicrobiales","Aurantimonadaceae","Aureimonas","mangrovi"
"370622","Bacteria","Pseudomonadota","Alphaproteobacteria","Hyphomicrobiales","Aurantimonadaceae","Aureimonas","altamirensis"
"2906072","Bacteria","Pseudomonadota","Alphaproteobacteria","Hyphomicrobiales","Aurantimonadaceae","Aurantimonas","sp. HBX-1"
"1427356","Bacteria","Pseudomonadota","Alphaproteobacteria","Hyphomicrobiales","Hyphomicrobiaceae","Hyphomicrobium","nitrativorans"
"3019544","Bacteria","Pseudomonadota","Alphaproteobacteria","Hyphomicrobiales","Hyphomicrobiaceae","Hyphomicrobium","sp. DMF-1"
"717785","Bacteria","Pseudomonadota","Alphaproteobacteria","Hyphomicrobiales","Hyphomicrobiaceae","Hyphomicrobium","sp. MC1"
"53399","Bacteria","Pseudomonadota","Alphaproteobacteria","Hyphomicrobiales","Hyphomicrobiaceae","Hyphomicrobium","denitrificans"
"674703","Bacteria","Pseudomonadota","Alphaproteobacteria","Hyphomicrobiales","Hyphomicrobiaceae","Rhodoplanes","sp. Z2-YC6860"
"1069","Bacteria","Pseudomonadota","Alphaproteobacteria","Hyphomicrobiales","Hyphomicrobiaceae","Rhodomicrobium","vannielii"
"2498452","Bacteria","Pseudomonadota","Alphaproteobacteria","Hyphomicrobiales","Hyphomicrobiaceae","Rhodomicrobium","lacus"
"1736675","Bacteria","Pseudomonadota","Alphaproteobacteria","Hyphomicrobiales","Devosiaceae","Devosia","sp. A16"
"400770","Bacteria","Pseudomonadota","Alphaproteobacteria","Hyphomicrobiales","Devosiaceae","Devosia","ginsengisoli"
"1447062","Bacteria","Pseudomonadota","Alphaproteobacteria","Hyphomicrobiales","Devosiaceae","Youhaiella","tibetensis"
"1335043","Bacteria","Pseudomonadota","Alphaproteobacteria","Hyphomicrobiales","Devosiaceae","Paradevosia","shaoguanensis"
"1002546","Bacteria","Pseudomonadota","Alphaproteobacteria","Hyphomicrobiales","Cohaesibacteraceae","Cohaesibacter","uncultured Cohaesibacter sp."
"2599640","Bacteria","Pseudomonadota","Alphaproteobacteria","Hyphomicrobiales","Boseaceae","Bosea","sp. F3-2"
"2969621","Bacteria","Pseudomonadota","Alphaproteobacteria","Hyphomicrobiales","Boseaceae","Bosea","sp. NBC_00550"
"1792307","Bacteria","Pseudomonadota","Alphaproteobacteria","Hyphomicrobiales","Boseaceae","Bosea","sp. PAMC 26642"
"151416","Bacteria","Pseudomonadota","Alphaproteobacteria","Hyphomicrobiales","Boseaceae","Bosea","vestrisii"
"3068632","Bacteria","Pseudomonadota","Alphaproteobacteria","Hyphomicrobiales","Boseaceae","Bosea","beijingensis"
"569860","Bacteria","Pseudomonadota","Alphaproteobacteria","Hyphomicrobiales","Beijerinckiaceae","Methylovirgula","ligni"
"2293567","Bacteria","Pseudomonadota","Alphaproteobacteria","Hyphomicrobiales","Beijerinckiaceae","Methylovirgula","sp. 4M-Z18"
"2822761","Bacteria","Pseudomonadota","Alphaproteobacteria","Hyphomicrobiales","Beijerinckiaceae","Methylovirgula","sp. HY1"
"227605","Bacteria","Pseudomonadota","Alphaproteobacteria","Hyphomicrobiales","Beijerinckiaceae","Methylocella","tundrae"
"442121","Bacteria","Pseudomonadota","Alphaproteobacteria","Hyphomicrobiales","Pleomorphomonadaceae","Pleomorphomonas","uncultured Pleomorphomonas sp."
"1482074","Bacteria","Pseudomonadota","Alphaproteobacteria","Hyphomicrobiales","Pleomorphomonadaceae","Hartmannibacter","diazotrophicus"
"1940610","Bacteria","Pseudomonadota","Alphaproteobacteria","Hyphomicrobiales","Phreatobacteraceae","Phreatobacter","stygius"
"2593653","Bacteria","Pseudomonadota","Alphaproteobacteria","Hyphomicrobiales","Parvibaculaceae","Kaustia","mangrovi"
"256618","Bacteria","Pseudomonadota","Alphaproteobacteria","Hyphomicrobiales","Parvibaculaceae","Parvibaculum","lavamentivorans"
"444444","Bacteria","Pseudomonadota","Alphaproteobacteria","Hyphomicrobiales","Chelatococcaceae","Chelatococcus","daeguensis"
"2654282","Bacteria","Pseudomonadota","Alphaproteobacteria","Hyphomicrobiales","Methylocystaceae","Methylocystis","sp. MJC1"
"391905","Bacteria","Pseudomonadota","Alphaproteobacteria","Hyphomicrobiales","Methylocystaceae","Methylocystis","heyeri"
"426","Bacteria","Pseudomonadota","Alphaproteobacteria","Hyphomicrobiales","Methylocystaceae","Methylosinus","trichosporium"
"1852022","Bacteria","Pseudomonadota","Alphaproteobacteria","Hyphomicrobiales","Ahrensiaceae","Roseitalea","porphyridii"
"1079","Bacteria","Pseudomonadota","Alphaproteobacteria","Hyphomicrobiales","Blastochloridaceae","Blastochloris","viridis"
"2233851","Bacteria","Pseudomonadota","Alphaproteobacteria","Hyphomicrobiales","Blastochloridaceae","Blastochloris","tepida"
"2795690","Bacteria","Pseudomonadota","Alphaproteobacteria","Hyphomicrobiales","Kaistiaceae","Kaistia","sp. 32K"
"1437009","Bacteria","Pseudomonadota","Alphaproteobacteria","Hyphomicrobiales","Methylopilaceae","Chenggangzhangella","methanolivorans"
"2928472","Bacteria","Pseudomonadota","Alphaproteobacteria","Hyphomicrobiales","Amorphaceae","Acuticoccus","sp. I52.16.1"
"3072793","Bacteria","Pseudomonadota","Alphaproteobacteria","Hyphomicrobiales","Amorphaceae","Acuticoccus","sp. MNP-M23"
"2528642","Bacteria","Pseudomonadota","Alphaproteobacteria","Hyphomicrobiales","Lichenihabitantaceae","Lichenihabitans","psoromatis"
"1961362","Bacteria","Pseudomonadota","Alphaproteobacteria","Sphingomonadales","Sphingomonadaceae","Sphingomonas","sp. NIC1"
"3018036","Bacteria","Pseudomonadota","Alphaproteobacteria","Sphingomonadales","Sphingomonadaceae","Sphingomonas","sp. CV7422"
"2653203","Bacteria","Pseudomonadota","Alphaproteobacteria","Sphingomonadales","Sphingomonadaceae","Sphingomonas","sp. CL5.1"
"2804617","Bacteria","Pseudomonadota","Alphaproteobacteria","Sphingomonadales","Sphingomonadaceae","Sphingomonas","sp. LHG3406-1"
"2991074","Bacteria","Pseudomonadota","Alphaproteobacteria","Sphingomonadales","Sphingomonadaceae","Sphingomonas","sp. S1-29"
"2937788","Bacteria","Pseudomonadota","Alphaproteobacteria","Sphingomonadales","Sphingomonadaceae","Sphingomonas","sp. SUN019"
"399176","Bacteria","Pseudomonadota","Alphaproteobacteria","Sphingomonadales","Sphingomonadaceae","Sphingomonas","sp. R1"
"1523415","Bacteria","Pseudomonadota","Alphaproteobacteria","Sphingomonadales","Sphingomonadaceae","Sphingomonas","sp. AAP5"
"2950605","Bacteria","Pseudomonadota","Alphaproteobacteria","Sphingomonadales","Sphingomonadaceae","Sphingomonas","sp. QA11"
"1030157","Bacteria","Pseudomonadota","Alphaproteobacteria","Sphingomonadales","Sphingomonadaceae","Sphingomonas","sp. KC8"
"3095341","Bacteria","Pseudomonadota","Alphaproteobacteria","Sphingomonadales","Sphingomonadaceae","Sphingomonas","sp. LY29"
"363835","Bacteria","Pseudomonadota","Alphaproteobacteria","Sphingomonadales","Sphingomonadaceae","Sphingomonas","ginsengisoli An et al. 2013"
"2714943","Bacteria","Pseudomonadota","Alphaproteobacteria","Sphingomonadales","Sphingomonadaceae","Sphingomonas","piscis"
"1045317","Bacteria","Pseudomonadota","Alphaproteobacteria","Sphingomonadales","Sphingomonadaceae","Sphingomonas","lutea"
"386874","Bacteria","Pseudomonadota","Alphaproteobacteria","Sphingomonadales","Sphingomonadaceae","Sphingomonas","sediminicola"
"1609977","Bacteria","Pseudomonadota","Alphaproteobacteria","Sphingomonadales","Sphingomonadaceae","Sphingomonas","hengshuiensis"
"2872652","Bacteria","Pseudomonadota","Alphaproteobacteria","Sphingomonadales","Sphingomonadaceae","Sphingomonas","nostoxanthinifaciens"
"563996","Bacteria","Pseudomonadota","Alphaproteobacteria","Sphingomonadales","Sphingomonadaceae","Sphingomonas","hankookensis"
"3132797","Bacteria","Pseudomonadota","Alphaproteobacteria","Sphingomonadales","Sphingomonadaceae","Sphingomonas","flavescens"
"1560345","Bacteria","Pseudomonadota","Alphaproteobacteria","Sphingomonadales","Sphingomonadaceae","Sphingomonas","panacis"
"2759526","Bacteria","Pseudomonadota","Alphaproteobacteria","Sphingomonadales","Sphingomonadaceae","Sphingomonas","aliaeris"
"2698828","Bacteria","Pseudomonadota","Alphaproteobacteria","Sphingomonadales","Sphingomonadaceae","Sphingomonas","lacunae"
"2949093","Bacteria","Pseudomonadota","Alphaproteobacteria","Sphingomonadales","Sphingomonadaceae","Sphingomonas","donggukensis"
"2594473","Bacteria","Pseudomonadota","Alphaproteobacteria","Sphingomonadales","Sphingomonadaceae","Sphingomonas","xanthus"
"1813879","Bacteria","Pseudomonadota","Alphaproteobacteria","Sphingomonadales","Sphingomonadaceae","Sphingomonas","panacisoli"
"1176646","Bacteria","Pseudomonadota","Alphaproteobacteria","Sphingomonadales","Sphingomonadaceae","Sphingomonas","daechungensis"
"2970925","Bacteria","Pseudomonadota","Alphaproteobacteria","Sphingomonadales","Sphingomonadaceae","Sphingobium","sp. JS3065"
"1144307","Bacteria","Pseudomonadota","Alphaproteobacteria","Sphingomonadales","Sphingomonadaceae","Sphingobium","sp. AP49"
"3038927","Bacteria","Pseudomonadota","Alphaproteobacteria","Sphingomonadales","Sphingomonadaceae","Sphingobium","sp. V4"
"2676077","Bacteria","Pseudomonadota","Alphaproteobacteria","Sphingomonadales","Sphingomonadaceae","Sphingobium","sp. CAP-1"
"2733867","Bacteria","Pseudomonadota","Alphaproteobacteria","Sphingomonadales","Sphingomonadaceae","Sphingobium","sp. KCTC 72723"
"627192","Bacteria","Pseudomonadota","Alphaproteobacteria","Sphingomonadales","Sphingomonadaceae","Sphingobium","sp. SYK-6"
"135719","Bacteria","Pseudomonadota","Alphaproteobacteria","Sphingomonadales","Sphingomonadaceae","Sphingobium","amiense"
"13688","Bacteria","Pseudomonadota","Alphaproteobacteria","Sphingomonadales","Sphingomonadaceae","Novosphingobium","capsulatum"
"3025670","Bacteria","Pseudomonadota","Alphaproteobacteria","Sphingomonadales","Sphingomonadaceae","Novosphingobium","sp. KACC 22771"
"3079861","Bacteria","Pseudomonadota","Alphaproteobacteria","Sphingomonadales","Sphingomonadaceae","Novosphingobium","sp. ZN18A2"
"2571749","Bacteria","Pseudomonadota","Alphaproteobacteria","Sphingomonadales","Sphingomonadaceae","Novosphingobium","sp. EMRT-2"
"2025349","Bacteria","Pseudomonadota","Alphaproteobacteria","Sphingomonadales","Sphingomonadaceae","Novosphingobium","sp. 9"
"164608","Bacteria","Pseudomonadota","Alphaproteobacteria","Sphingomonadales","Sphingomonadaceae","Novosphingobium","sp. KA1"
"2698673","Bacteria","Pseudomonadota","Alphaproteobacteria","Sphingomonadales","Sphingomonadaceae","Novosphingobium","decolorationis"
"2896849","Bacteria","Pseudomonadota","Alphaproteobacteria","Sphingomonadales","Sphingomonadaceae","Novosphingobium","kaempferiae"
"2282397","Bacteria","Pseudomonadota","Alphaproteobacteria","Sphingomonadales","Sphingomonadaceae","Novosphingobium","humi"
"3114367","Bacteria","Pseudomonadota","Alphaproteobacteria","Sphingomonadales","Sphingomonadaceae","Sphingopyxis","sp. TUF1"
"2565556","Bacteria","Pseudomonadota","Alphaproteobacteria","Sphingomonadales","Sphingomonadaceae","Sphingopyxis","sp. PAMC25046"
"2968500","Bacteria","Pseudomonadota","Alphaproteobacteria","Sphingomonadales","Sphingomonadaceae","Sphingopyxis","sp. DBS4"
"2482763","Bacteria","Pseudomonadota","Alphaproteobacteria","Sphingomonadales","Sphingomonadaceae","Sphingopyxis","sp. YF1"
"2486273","Bacteria","Pseudomonadota","Alphaproteobacteria","Sphingomonadales","Sphingomonadaceae","Sphingopyxis","sp. OPL5"
"2911495","Bacteria","Pseudomonadota","Alphaproteobacteria","Sphingomonadales","Sphingomonadaceae","Sphingopyxis","sp. BSN-002"
"1357916","Bacteria","Pseudomonadota","Alphaproteobacteria","Sphingomonadales","Sphingomonadaceae","Sphingopyxis","sp. QXT-31"
"267128","Bacteria","Pseudomonadota","Alphaproteobacteria","Sphingomonadales","Sphingomonadaceae","Sphingopyxis","granuli"
"2711215","Bacteria","Pseudomonadota","Alphaproteobacteria","Sphingomonadales","Sphingomonadaceae","Sphingosinithalassobacter","tenebrarum"
"2762748","Bacteria","Pseudomonadota","Alphaproteobacteria","Sphingomonadales","Sphingomonadaceae","Sphingosinithalassobacter","sp. CS137"
"2711156","Bacteria","Pseudomonadota","Alphaproteobacteria","Sphingomonadales","Sphingomonadaceae","Rhizorhabdus","phycosphaerae"
"1850238","Bacteria","Pseudomonadota","Alphaproteobacteria","Sphingomonadales","Sphingomonadaceae","Rhizorhabdus","dicambivorans"
"160791","Bacteria","Pseudomonadota","Alphaproteobacteria","Sphingomonadales","Sphingomonadaceae","Rhizorhabdus","wittichii"
"1909299","Bacteria","Pseudomonadota","Alphaproteobacteria","Sphingomonadales","Sphingomonadaceae","Blastomonas","sp."
"3053610","Bacteria","Pseudomonadota","Alphaproteobacteria","Sphingomonadales","Erythrobacteraceae","Alteriqipengyuania","flavescens"
"1042","Bacteria","Pseudomonadota","Alphaproteobacteria","Sphingomonadales","Erythrobacteraceae","Erythrobacter","sp."
"2829500","Bacteria","Pseudomonadota","Alphaproteobacteria","Sphingomonadales","Erythrobacteraceae","Erythrobacter","sp. JK5"
"1798193","Bacteria","Pseudomonadota","Alphaproteobacteria","Sphingomonadales","Erythrobacteraceae","Erythrobacter","sp. HL-111"
"39960","Bacteria","Pseudomonadota","Alphaproteobacteria","Sphingomonadales","Erythrobacteraceae","Erythrobacter","litoralis"
"2854260","Bacteria","Pseudomonadota","Alphaproteobacteria","Sphingomonadales","Erythrobacteraceae","Porphyrobacter","sp. ULC335"
"2060312","Bacteria","Pseudomonadota","Alphaproteobacteria","Sphingomonadales","Erythrobacteraceae","Altererythrobacter","sp. B11"
"450378","Bacteria","Pseudomonadota","Alphaproteobacteria","Sphingomonadales","Erythrobacteraceae","Croceicoccus","marinus"
"543877","Bacteria","Pseudomonadota","Alphaproteobacteria","Sphingomonadales","Erythrobacteraceae","Pelagerythrobacter","marensis"
"335406","Bacteria","Pseudomonadota","Alphaproteobacteria","Sphingomonadales","Sphingosinicellaceae","Sphingosinicella","microcystinivorans"
"1892855","Bacteria","Pseudomonadota","Alphaproteobacteria","Sphingomonadales","Sphingosinicellaceae","Sphingosinicella","sp. BN140058"
"2862331","Bacteria","Pseudomonadota","Alphaproteobacteria","Sphingomonadales","Sphingosinicellaceae","Polymorphobacter","sp. PAMC 29334"
"2835787","Bacteria","Pseudomonadota","Alphaproteobacteria","Sphingomonadales","Sphingosinicellaceae","Polymorphobacter","megasporae"
"1263728","Bacteria","Pseudomonadota","Alphaproteobacteria","Rhodobacterales","Paracoccaceae","Paracoccus","sp. TOH"
"82367","Bacteria","Pseudomonadota","Alphaproteobacteria","Rhodobacterales","Paracoccaceae","Paracoccus","pantotrophus"
"266","Bacteria","Pseudomonadota","Alphaproteobacteria","Rhodobacterales","Paracoccaceae","Paracoccus","denitrificans"
"34004","Bacteria","Pseudomonadota","Alphaproteobacteria","Rhodobacterales","Paracoccaceae","Paracoccus","aminovorans"
"34007","Bacteria","Pseudomonadota","Alphaproteobacteria","Rhodobacterales","Paracoccaceae","Paracoccus","versutus"
"43057","Bacteria","Pseudomonadota","Alphaproteobacteria","Rhodobacterales","Paracoccaceae","Cereibacter","azotoformans"
"991904","Bacteria","Pseudomonadota","Alphaproteobacteria","Rhodobacterales","Paracoccaceae","Polymorphum","gilvum"
"195105","Bacteria","Pseudomonadota","Alphaproteobacteria","Rhodobacterales","Paracoccaceae","Haematobacter","massiliensis"
"2897332","Bacteria","Pseudomonadota","Alphaproteobacteria","Rhodospirillales","Acetobacteraceae","Roseomonas","sp. OT10"
"257708","Bacteria","Pseudomonadota","Alphaproteobacteria","Rhodospirillales","Acetobacteraceae","Roseomonas","gilardii"
"1750527","Bacteria","Pseudomonadota","Alphaproteobacteria","Rhodospirillales","Acetobacteraceae","Roseomonas","fluvialis"
"207340","Bacteria","Pseudomonadota","Alphaproteobacteria","Rhodospirillales","Acetobacteraceae","Roseomonas","mucosa"
"215221","Bacteria","Pseudomonadota","Alphaproteobacteria","Rhodospirillales","Acetobacteraceae","Komagataeibacter","rhaeticus"
"1225128","Bacteria","Pseudomonadota","Alphaproteobacteria","Rhodospirillales","Acetobacteraceae","Sediminicoccus","rosea"
"3133721","Bacteria","Pseudomonadota","Alphaproteobacteria","Rhodospirillales","Acetobacteraceae","Sediminicoccus","sp. KRV36"
"1484109","Bacteria","Pseudomonadota","Alphaproteobacteria","Rhodospirillales","Acetobacteraceae","Lichenicola","cladoniae"
"1969806","Bacteria","Pseudomonadota","Alphaproteobacteria","Rhodospirillales","Acetobacteraceae","Acidibrevibacterium","fodinaquatile"
"652764","Bacteria","Pseudomonadota","Alphaproteobacteria","Rhodospirillales","Azospirillaceae","Azospirillum","sp. TSH100"
"137722","Bacteria","Pseudomonadota","Alphaproteobacteria","Rhodospirillales","Azospirillaceae","Azospirillum","sp. B510"
"709810","Bacteria","Pseudomonadota","Alphaproteobacteria","Rhodospirillales","Azospirillaceae","Azospirillum","sp. TSA2s"
"192","Bacteria","Pseudomonadota","Alphaproteobacteria","Rhodospirillales","Azospirillaceae","Azospirillum","brasilense"
"2970906","Bacteria","Pseudomonadota","Alphaproteobacteria","Rhodospirillales","Azospirillaceae","Azospirillum","argentinense"
"2202148","Bacteria","Pseudomonadota","Alphaproteobacteria","Rhodospirillales","Azospirillaceae","Azospirillum","thermophilum"
"528244","Bacteria","Pseudomonadota","Alphaproteobacteria","Rhodospirillales","Azospirillaceae","Azospirillum","thiophilum"
"1064539","Bacteria","Pseudomonadota","Alphaproteobacteria","Rhodospirillales","Azospirillaceae","Azospirillum","baldaniorum"
"286727","Bacteria","Pseudomonadota","Alphaproteobacteria","Rhodospirillales","Azospirillaceae","Azospirillum","oryzae"
"193","Bacteria","Pseudomonadota","Alphaproteobacteria","Rhodospirillales","Azospirillaceae","Azospirillum","lipoferum"
"2233999","Bacteria","Pseudomonadota","Alphaproteobacteria","Rhodospirillales","Azospirillaceae","Skermanella","pratensis"
"1817965","Bacteria","Pseudomonadota","Alphaproteobacteria","Rhodospirillales","Azospirillaceae","Skermanella","rosea"
"1612173","Bacteria","Pseudomonadota","Alphaproteobacteria","Rhodospirillales","Azospirillaceae","Niveispirillum","cyanobacteriorum"
"2220096","Bacteria","Pseudomonadota","Alphaproteobacteria","Rhodospirillales","Azospirillaceae","Indioceanicola","profundi"
"3144925","Bacteria","Pseudomonadota","Alphaproteobacteria","Rhodospirillales","Azospirillaceae","Nitrospirillum","viridazoti"
"1085","Bacteria","Pseudomonadota","Alphaproteobacteria","Rhodospirillales","Rhodospirillaceae","Rhodospirillum","rubrum"
"34018","Bacteria","Pseudomonadota","Alphaproteobacteria","Rhodospirillales","Rhodospirillaceae","Rhodospirillum","centenum"
"55518","Bacteria","Pseudomonadota","Alphaproteobacteria","Rhodospirillales","Rhodospirillaceae","Magnetospirillum","gryphiswaldense"
"1663591","Bacteria","Pseudomonadota","Alphaproteobacteria","Rhodospirillales","Rhodospirillaceae","Magnetospirillum","sp. XM-1"
"111831","Bacteria","Pseudomonadota","Alphaproteobacteria","Rhodospirillales","Rhodospirillaceae","Defluviicoccus","vanus"
"3100173","Bacteria","Pseudomonadota","Alphaproteobacteria","Rhodospirillales","Thalassobaculaceae","Thalassobaculum","sp. OXR-137"
"2602015","Bacteria","Pseudomonadota","Alphaproteobacteria","Rhodospirillales","Dongiaceae","Hypericibacter","terrae"
"94","Bacteria","Pseudomonadota","Alphaproteobacteria","Rhodospirillales","Stellaceae","Stella","humosa"
"2843330","Bacteria","Pseudomonadota","Alphaproteobacteria","Rhodospirillales","Elioraeaceae","Elioraea","tepida"
"588932","Bacteria","Pseudomonadota","Alphaproteobacteria","Caulobacterales","Caulobacteraceae","Brevundimonas","naejangsanensis"
"74313","Bacteria","Pseudomonadota","Alphaproteobacteria","Caulobacterales","Caulobacteraceae","Brevundimonas","subvibrioides"
"69665","Bacteria","Pseudomonadota","Alphaproteobacteria","Caulobacterales","Caulobacteraceae","Caulobacter","sp. FWC26"
"2823693","Bacteria","Pseudomonadota","Alphaproteobacteria","Caulobacterales","Caulobacteraceae","Caulobacter","sp. S6"
"69666","Bacteria","Pseudomonadota","Alphaproteobacteria","Caulobacterales","Caulobacteraceae","Caulobacter","mirabilis"
"2708539","Bacteria","Pseudomonadota","Alphaproteobacteria","Caulobacterales","Caulobacteraceae","Caulobacter","soli"
"88688","Bacteria","Pseudomonadota","Alphaproteobacteria","Caulobacterales","Caulobacteraceae","Caulobacter","segnis"
"2010972","Bacteria","Pseudomonadota","Alphaproteobacteria","Caulobacterales","Caulobacteraceae","Caulobacter","rhizosphaerae"
"155892","Bacteria","Pseudomonadota","Alphaproteobacteria","Caulobacterales","Caulobacteraceae","Caulobacter","vibrioides"
"284016","Bacteria","Pseudomonadota","Alphaproteobacteria","Caulobacterales","Caulobacteraceae","Phenylobacterium","zucineum"
"225298","Bacteria","Pseudomonadota","Alphaproteobacteria","Hyphomonadales","Hyphomonadaceae","Hyphomonas","uncultured Hyphomonas sp."
"2853163","Bacteria","Pseudomonadota","Betaproteobacteria","Burkholderiales","Comamonadaceae","Comamonas","sp. NLF-1-9"
"363952","Bacteria","Pseudomonadota","Betaproteobacteria","Burkholderiales","Comamonadaceae","Comamonas","thiooxydans"
"285","Bacteria","Pseudomonadota","Betaproteobacteria","Burkholderiales","Comamonadaceae","Comamonas","testosteroni"
"225991","Bacteria","Pseudomonadota","Betaproteobacteria","Burkholderiales","Comamonadaceae","Comamonas","aquatica"
"2949090","Bacteria","Pseudomonadota","Betaproteobacteria","Burkholderiales","Comamonadaceae","Comamonas","endophytica"
"1082851","Bacteria","Pseudomonadota","Betaproteobacteria","Burkholderiales","Comamonadaceae","Comamonas","serinivorans"
"2681552","Bacteria","Pseudomonadota","Betaproteobacteria","Burkholderiales","Comamonadaceae","Variovorax","sp. RKNM96"
"2762322","Bacteria","Pseudomonadota","Betaproteobacteria","Burkholderiales","Comamonadaceae","Variovorax","sp. PAMC26660"
"662548","Bacteria","Pseudomonadota","Betaproteobacteria","Burkholderiales","Comamonadaceae","Variovorax","sp. RA8"
"434014","Bacteria","Pseudomonadota","Betaproteobacteria","Burkholderiales","Comamonadaceae","Variovorax","sp. PBL-E5"
"434009","Bacteria","Pseudomonadota","Betaproteobacteria","Burkholderiales","Comamonadaceae","Variovorax","sp. PBL-H6"
"434008","Bacteria","Pseudomonadota","Betaproteobacteria","Burkholderiales","Comamonadaceae","Variovorax","sp. PBS-H4"
"34073","Bacteria","Pseudomonadota","Betaproteobacteria","Burkholderiales","Comamonadaceae","Variovorax","paradoxus"
"436515","Bacteria","Pseudomonadota","Betaproteobacteria","Burkholderiales","Comamonadaceae","Variovorax","boronicumulans"
"180282","Bacteria","Pseudomonadota","Betaproteobacteria","Burkholderiales","Comamonadaceae","Delftia","tsuruhatensis"
"3141537","Bacteria","Pseudomonadota","Betaproteobacteria","Burkholderiales","Comamonadaceae","Rhodoferax","sp. GW822-FHT02A01"
"2741720","Bacteria","Pseudomonadota","Betaproteobacteria","Burkholderiales","Comamonadaceae","Rhodoferax","sp. BAB1"
"2752316","Bacteria","Pseudomonadota","Betaproteobacteria","Burkholderiales","Comamonadaceae","Rhodoferax","sp. AJA081-3"
"1842727","Bacteria","Pseudomonadota","Betaproteobacteria","Burkholderiales","Comamonadaceae","Rhodoferax","koreense"
"1484693","Bacteria","Pseudomonadota","Betaproteobacteria","Burkholderiales","Comamonadaceae","Rhodoferax","saidenbachensis"
"2714925","Bacteria","Pseudomonadota","Betaproteobacteria","Burkholderiales","Comamonadaceae","Diaphorobacter","sp. HDW4B"
"2714924","Bacteria","Pseudomonadota","Betaproteobacteria","Burkholderiales","Comamonadaceae","Diaphorobacter","sp. HDW4A"
"3036128","Bacteria","Pseudomonadota","Betaproteobacteria","Burkholderiales","Comamonadaceae","Diaphorobacter","limosus"
"2806347","Bacteria","Pseudomonadota","Betaproteobacteria","Burkholderiales","Comamonadaceae","Hydrogenophaga","sp. SL48"
"2184519","Bacteria","Pseudomonadota","Betaproteobacteria","Burkholderiales","Comamonadaceae","Hydrogenophaga","sp. NH-16"
"3098762","Bacteria","Pseudomonadota","Betaproteobacteria","Burkholderiales","Comamonadaceae","Hydrogenophaga","sp. SNF1"
"2651974","Bacteria","Pseudomonadota","Betaproteobacteria","Burkholderiales","Comamonadaceae","Hydrogenophaga","sp. BPS33"
"434010","Bacteria","Pseudomonadota","Betaproteobacteria","Burkholderiales","Comamonadaceae","Hydrogenophaga","sp. PBL-H3"
"65656","Bacteria","Pseudomonadota","Betaproteobacteria","Burkholderiales","Comamonadaceae","Hydrogenophaga","taeniospiralis"
"2716225","Bacteria","Pseudomonadota","Betaproteobacteria","Burkholderiales","Comamonadaceae","Hydrogenophaga","crocea"
"3095606","Bacteria","Pseudomonadota","Betaproteobacteria","Burkholderiales","Comamonadaceae","Acidovorax","sp. DW039"
"2478662","Bacteria","Pseudomonadota","Betaproteobacteria","Burkholderiales","Comamonadaceae","Acidovorax","sp. 1608163"
"2518343","Bacteria","Pseudomonadota","Betaproteobacteria","Burkholderiales","Comamonadaceae","Acidovorax","sp. JMULE5"
"2940492","Bacteria","Pseudomonadota","Betaproteobacteria","Burkholderiales","Comamonadaceae","Acidovorax","sp. GBBC 1281"
"2109915","Bacteria","Pseudomonadota","Betaproteobacteria","Burkholderiales","Comamonadaceae","Simplicispira","suum"
"179636","Bacteria","Pseudomonadota","Betaproteobacteria","Burkholderiales","Comamonadaceae","Alicycliphilus","denitrificans"
"1926868","Bacteria","Pseudomonadota","Betaproteobacteria","Burkholderiales","Comamonadaceae","Paenacidovorax","monticola"
"2109914","Bacteria","Pseudomonadota","Betaproteobacteria","Burkholderiales","Comamonadaceae","Ottowia","oryzae"
"2816950","Bacteria","Pseudomonadota","Betaproteobacteria","Burkholderiales","Comamonadaceae","Ottowia","testudinis"
"2109913","Bacteria","Pseudomonadota","Betaproteobacteria","Burkholderiales","Comamonadaceae","Melaminivora","suipulveris"
"1267217","Bacteria","Pseudomonadota","Betaproteobacteria","Burkholderiales","Comamonadaceae","Melaminivora","jejuensis"
"2116657","Bacteria","Pseudomonadota","Betaproteobacteria","Burkholderiales","Comamonadaceae","Pulveribacter","suum"
"80880","Bacteria","Pseudomonadota","Betaproteobacteria","Burkholderiales","Comamonadaceae","Hylemonella","gracilis"
"75105","Bacteria","Pseudomonadota","Betaproteobacteria","Burkholderiales","Burkholderiaceae","Paraburkholderia","caribensis"
"2839983","Bacteria","Pseudomonadota","Betaproteobacteria","Burkholderiales","Burkholderiaceae","Cupriavidus","sp. EM10"
"119219","Bacteria","Pseudomonadota","Betaproteobacteria","Burkholderiales","Burkholderiaceae","Cupriavidus","metallidurans"
"151783","Bacteria","Pseudomonadota","Betaproteobacteria","Burkholderiales","Burkholderiaceae","Cupriavidus","campinensis"
"106590","Bacteria","Pseudomonadota","Betaproteobacteria","Burkholderiales","Burkholderiaceae","Cupriavidus","necator"
"248026","Bacteria","Pseudomonadota","Betaproteobacteria","Burkholderiales","Burkholderiaceae","Cupriavidus","pinatubonensis"
"96344","Bacteria","Pseudomonadota","Betaproteobacteria","Burkholderiales","Burkholderiaceae","Cupriavidus","oxalaticus"
"305","Bacteria","Pseudomonadota","Betaproteobacteria","Burkholderiales","Burkholderiaceae","Ralstonia","solanacearum"
"1310165","Bacteria","Pseudomonadota","Betaproteobacteria","Burkholderiales","Burkholderiaceae","Ralstonia","pseudosolanacearum"
"2842456","Bacteria","Pseudomonadota","Betaproteobacteria","Burkholderiales","Burkholderiaceae","Ralstonia","wenshanensis"
"105219","Bacteria","Pseudomonadota","Betaproteobacteria","Burkholderiales","Burkholderiaceae","Ralstonia","mannitolilytica"
"3122075","Bacteria","Pseudomonadota","Betaproteobacteria","Burkholderiales","Burkholderiaceae","Ralstonia","sp. RRA.1"
"93220","Bacteria","Pseudomonadota","Betaproteobacteria","Burkholderiales","Burkholderiaceae","Pandoraea","pnomenusa"
"3039386","Bacteria","Pseudomonadota","Betaproteobacteria","Burkholderiales","Oxalobacteraceae","Rugamonas","sp. DEMB1"
"103855","Bacteria","Pseudomonadota","Betaproteobacteria","Burkholderiales","Alcaligenaceae","Bordetella","hinzii"
"1416803","Bacteria","Pseudomonadota","Betaproteobacteria","Burkholderiales","Alcaligenaceae","Bordetella","genomosp. 9"
"463040","Bacteria","Pseudomonadota","Betaproteobacteria","Burkholderiales","Alcaligenaceae","Bordetella","genomosp. 13"
"518","Bacteria","Pseudomonadota","Betaproteobacteria","Burkholderiales","Alcaligenaceae","Bordetella","bronchiseptica"
"1353889","Bacteria","Pseudomonadota","Betaproteobacteria","Burkholderiales","Alcaligenaceae","Achromobacter","pestifer"
"217203","Bacteria","Pseudomonadota","Betaproteobacteria","Burkholderiales","Alcaligenaceae","Achromobacter","spanius"
"1353891","Bacteria","Pseudomonadota","Betaproteobacteria","Burkholderiales","Alcaligenaceae","Achromobacter","deleyi"
"3081984","Bacteria","Pseudomonadota","Betaproteobacteria","Burkholderiales","Alcaligenaceae","Pigmentiphaga","sp. CHJ604"
"2488560","Bacteria","Pseudomonadota","Betaproteobacteria","Burkholderiales","Alcaligenaceae","Pigmentiphaga","sp. H8"
"3140381","Bacteria","Pseudomonadota","Betaproteobacteria","Burkholderiales","Alcaligenaceae","Castellaniella","sp. MT123"
"3037797","Bacteria","Pseudomonadota","Betaproteobacteria","Burkholderiales","Sphaerotilaceae","Piscinibacter","sp. XHJ-5"
"1658665","Bacteria","Pseudomonadota","Betaproteobacteria","Burkholderiales","Sphaerotilaceae","Roseateles","Mitsuaria sp. 7"
"2877940","Bacteria","Pseudomonadota","Betaproteobacteria","Burkholderiales","Sphaerotilaceae","Roseateles","sp. XES5"
"3019553","Bacteria","Pseudomonadota","Betaproteobacteria","Burkholderiales","Sphaerotilaceae","Roseateles","Paucibacter sediminis"
"2978473","Bacteria","Pseudomonadota","Betaproteobacteria","Burkholderiales","Sphaerotilaceae","Roseateles","amylovorans"
"2082386","Bacteria","Pseudomonadota","Betaproteobacteria","Burkholderiales","Sphaerotilaceae","Methylibium","sp. Pch-M"
"2914710","Bacteria","Pseudomonadota","Betaproteobacteria","Burkholderiales","Sphaerotilaceae","Sphaerotilus","microaerophilus"
"36863","Bacteria","Pseudomonadota","Betaproteobacteria","Burkholderiales","Sphaerotilaceae","Ideonella","dechloratans"
"34029","Bacteria","Pseudomonadota","Betaproteobacteria","Burkholderiales","Sphaerotilaceae","Leptothrix","cholodnii"
"2697032","Bacteria","Pseudomonadota","Betaproteobacteria","Burkholderiales","Oxalobacteraceae","Xylophilus","rhododendri"
"2753607","Bacteria","Pseudomonadota","Betaproteobacteria","Burkholderiales","Oxalobacteraceae","Rhizobacter","sp. AJA081-3"
"2732067","Bacteria","Pseudomonadota","Betaproteobacteria","Nitrosomonadales","Usitatibacteraceae","Usitatibacter","rugosus"
"2493093","Bacteria","Pseudomonadota","Alphaproteobacteria","Hyphomicrobiales","Nitrobacteraceae","Bradyrhizobium","sp. LCT2"
"1867719","Bacteria","Pseudomonadota","Alphaproteobacteria","Hyphomicrobiales","Phyllobacteriaceae","Phyllobacterium","zundukense"
"536018","Bacteria","Pseudomonadota","Alphaproteobacteria","Hyphomicrobiales","Phyllobacteriaceae","Mesorhizobium","australicum"
"1402135","Bacteria","Pseudomonadota","Alphaproteobacteria","Rhodobacterales","Roseobacteraceae","Pseudosulfitobacter","pseudonitzschiae"
"2933562","Bacteria","Pseudomonadota","Alphaproteobacteria","Sphingomonadales","Sphingomonadaceae","Sphingopyxis","sp. GC21"
"1914525","Bacteria","Pseudomonadota","Alphaproteobacteria","Sphingomonadales","Sphingomonadaceae","Sphingopyxis","sp. FD7"
"1862145","Bacteria","Pseudomonadota","Alphaproteobacteria","Rhodospirillales","Thalassobaculaceae","Nisaea","acidiphila"
"32002","Bacteria","Pseudomonadota","Betaproteobacteria","Burkholderiales","Alcaligenaceae","Achromobacter","denitrificans"
"2509614","Bacteria","Pseudomonadota","Betaproteobacteria","Burkholderiales","Comamonadaceae","Rhodoferax","sediminis"
"80869","Bacteria","Pseudomonadota","Betaproteobacteria","Burkholderiales","Comamonadaceae","Paracidovorax","citrulli"
"2027919","Bacteria","Pseudomonadota","Gammaproteobacteria","Enterobacterales","Enterobacteriaceae","Enterobacter","cloacae complex sp."
"2956832","Bacteria","Pseudomonadota","Alphaproteobacteria","Hyphomicrobiales","Phyllobacteriaceae","Mesorhizobium","sp. C395A"
"71433","Bacteria","Pseudomonadota","Alphaproteobacteria","Hyphomicrobiales","Phyllobacteriaceae","Mesorhizobium","amorphae"
"1016987","Bacteria","Pseudomonadota","Alphaproteobacteria","Sphingomonadales","Sphingomonadaceae","Novosphingobium","sp. THN1"
"2319844","Bacteria","Pseudomonadota","Alphaproteobacteria","Sphingomonadales","Sphingomonadaceae","Sphingomonas","paeninsulae"
"1866325","Bacteria","Pseudomonadota","Alphaproteobacteria","Sphingomonadales","Sphingomonadaceae","Sphingopyxis","sp. MG"
"436663","Bacteria","Pseudomonadota","Alphaproteobacteria","Sphingomonadales","Sphingomonadaceae","Sphingopyxis","indica"
"1921510","Bacteria","Pseudomonadota","Alphaproteobacteria","Sphingomonadales","Sphingomonadaceae","Tardibacter","chloracetimidivorans"
"192812","Bacteria","Pseudomonadota","Alphaproteobacteria","Sphingomonadales","Erythrobacteraceae","Qipengyuania","flava"
"2338327","Bacteria","Pseudomonadota","Alphaproteobacteria","Sphingomonadales","Erythrobacteraceae","Tsuneonella","amylolytica"
"540747","Bacteria","Pseudomonadota","Alphaproteobacteria","Rhodobacterales","Roseobacteraceae","Roseovarius","indicus"
"311230","Bacteria","Pseudomonadota","Betaproteobacteria","Burkholderiales","Burkholderiaceae","Paraburkholderia","terrae"
"72557","Bacteria","Pseudomonadota","Betaproteobacteria","Burkholderiales","Alcaligenaceae","Achromobacter","ruhlandii"
"721785","Bacteria","Pseudomonadota","Betaproteobacteria","Burkholderiales","Comamonadaceae","Diaphorobacter","[Acidovorax] ebreus"
"1572644","Bacteria","Actinomycetota","Actinomycetes","Micrococcales","Microbacteriaceae","Microbacterium","proteolyticum"
"2781978","Bacteria","Actinomycetota","Actinomycetes","Micrococcales","Microbacteriaceae","Leifsonia","sp. ZF2019"
"319017","Bacteria","Pseudomonadota","Alphaproteobacteria","Hyphomicrobiales","Nitrobacteraceae","Bradyrhizobium","sp. WSM471"
"2949630","Bacteria","Pseudomonadota","Alphaproteobacteria","Hyphomicrobiales","Nitrobacteraceae","Bradyrhizobium","sp. CCGUVB23"
"187029","Bacteria","Pseudomonadota","Alphaproteobacteria","Hyphomicrobiales","Nitrobacteraceae","Bradyrhizobium","sp. WU425"
"2949629","Bacteria","Pseudomonadota","Alphaproteobacteria","Hyphomicrobiales","Nitrobacteraceae","Bradyrhizobium","sp. CCGUVB1N3"
"2782643","Bacteria","Pseudomonadota","Alphaproteobacteria","Hyphomicrobiales","Nitrobacteraceae","Bradyrhizobium","sp. 172"
"1320552","Bacteria","Pseudomonadota","Alphaproteobacteria","Hyphomicrobiales","Nitrobacteraceae","Afipia","sp. NBIMC_P1-C1"
"1404741","Bacteria","Pseudomonadota","Alphaproteobacteria","Hyphomicrobiales","Nitrobacteraceae","Tardiphaga","sp. 37S4"
"2592814","Bacteria","Pseudomonadota","Alphaproteobacteria","Hyphomicrobiales","Nitrobacteraceae","Tardiphaga","sp. vice154"
"2592817","Bacteria","Pseudomonadota","Alphaproteobacteria","Hyphomicrobiales","Nitrobacteraceae","Tardiphaga","sp. vice304"
"943830","Bacteria","Pseudomonadota","Alphaproteobacteria","Hyphomicrobiales","Nitrobacteraceae","Tardiphaga","robiniae"
"1842539","Bacteria","Pseudomonadota","Alphaproteobacteria","Hyphomicrobiales","Boseaceae","Bosea","sp. RAC05"
"1526658","Bacteria","Pseudomonadota","Alphaproteobacteria","Hyphomicrobiales","Boseaceae","Bosea","vaviloviae"
"2082387","Bacteria","Pseudomonadota","Alphaproteobacteria","Hyphomicrobiales","Phyllobacteriaceae","Mesorhizobium","sp. Pch-S"
"2654248","Bacteria","Pseudomonadota","Alphaproteobacteria","Hyphomicrobiales","Phyllobacteriaceae","Mesorhizobium","sp. INR15"
"2880934","Bacteria","Pseudomonadota","Alphaproteobacteria","Hyphomicrobiales","Phyllobacteriaceae","Mesorhizobium","sp. PAMC28654"
"2589967","Bacteria","Pseudomonadota","Alphaproteobacteria","Hyphomicrobiales","Phyllobacteriaceae","Mesorhizobium","sp. B2-1-8"
"2744517","Bacteria","Pseudomonadota","Alphaproteobacteria","Hyphomicrobiales","Phyllobacteriaceae","Mesorhizobium","sp. 113-3-9"
"2483403","Bacteria","Pseudomonadota","Alphaproteobacteria","Hyphomicrobiales","Phyllobacteriaceae","Mesorhizobium","sp. NZP2298"
"2493675","Bacteria","Pseudomonadota","Alphaproteobacteria","Hyphomicrobiales","Phyllobacteriaceae","Mesorhizobium","sp. M4B.F.Ca.ET.058.02.1.1"
"2493669","Bacteria","Pseudomonadota","Alphaproteobacteria","Hyphomicrobiales","Phyllobacteriaceae","Mesorhizobium","sp. M1D.F.Ca.ET.043.01.1.1"
"2493672","Bacteria","Pseudomonadota","Alphaproteobacteria","Hyphomicrobiales","Phyllobacteriaceae","Mesorhizobium","sp. M1E.F.Ca.ET.045.02.1.1"
"2493681","Bacteria","Pseudomonadota","Alphaproteobacteria","Hyphomicrobiales","Phyllobacteriaceae","Mesorhizobium","sp. M7A.F.Ce.TU.012.03.2.1"
"3038546","Bacteria","Pseudomonadota","Alphaproteobacteria","Hyphomicrobiales","Phyllobacteriaceae","Mesorhizobium","sp. WSM4906"
"2744520","Bacteria","Pseudomonadota","Alphaproteobacteria","Hyphomicrobiales","Phyllobacteriaceae","Mesorhizobium","sp. 131-3-5"
"3038545","Bacteria","Pseudomonadota","Alphaproteobacteria","Hyphomicrobiales","Phyllobacteriaceae","Mesorhizobium","sp. WSM4904"
"2493677","Bacteria","Pseudomonadota","Alphaproteobacteria","Hyphomicrobiales","Phyllobacteriaceae","Mesorhizobium","sp. M6A.T.Cr.TU.016.01.1.1"
"2483402","Bacteria","Pseudomonadota","Alphaproteobacteria","Hyphomicrobiales","Phyllobacteriaceae","Mesorhizobium","sp. NZP2234"
"2956834","Bacteria","Pseudomonadota","Alphaproteobacteria","Hyphomicrobiales","Phyllobacteriaceae","Mesorhizobium","sp. C416B"
"2744522","Bacteria","Pseudomonadota","Alphaproteobacteria","Hyphomicrobiales","Phyllobacteriaceae","Mesorhizobium","sp. L-8-3"
"2956823","Bacteria","Pseudomonadota","Alphaproteobacteria","Hyphomicrobiales","Phyllobacteriaceae","Mesorhizobium","sp. C089B"
"2744519","Bacteria","Pseudomonadota","Alphaproteobacteria","Hyphomicrobiales","Phyllobacteriaceae","Mesorhizobium","sp. 131-2-5"
"2956824","Bacteria","Pseudomonadota","Alphaproteobacteria","Hyphomicrobiales","Phyllobacteriaceae","Mesorhizobium","sp. C120A"
"278153","Bacteria","Pseudomonadota","Alphaproteobacteria","Hyphomicrobiales","Phyllobacteriaceae","Mesorhizobium","sp. WSM1497"
"3038539","Bacteria","Pseudomonadota","Alphaproteobacteria","Hyphomicrobiales","Phyllobacteriaceae","Mesorhizobium","sp. WSM4875"
"2956836","Bacteria","Pseudomonadota","Alphaproteobacteria","Hyphomicrobiales","Phyllobacteriaceae","Mesorhizobium","sp. C432A"
"43617","Bacteria","Pseudomonadota","Alphaproteobacteria","Hyphomicrobiales","Phyllobacteriaceae","Mesorhizobium","mediterraneum"
"1777867","Bacteria","Pseudomonadota","Alphaproteobacteria","Hyphomicrobiales","Phyllobacteriaceae","Mesorhizobium","jarvisii"
"374606","Bacteria","Pseudomonadota","Alphaproteobacteria","Hyphomicrobiales","Phyllobacteriaceae","Aminobacter","sp. MSH1"
"2774562","Bacteria","Pseudomonadota","Alphaproteobacteria","Hyphomicrobiales","Phyllobacteriaceae","Aminobacter","sp. SR38"
"2666139","Bacteria","Pseudomonadota","Alphaproteobacteria","Hyphomicrobiales","Phyllobacteriaceae","Aminobacter","sp. MDW-2"
"1870862","Bacteria","Pseudomonadota","Alphaproteobacteria","Hyphomicrobiales","Phyllobacteriaceae","Aminobacter","sp. SS-2016"
"83265","Bacteria","Pseudomonadota","Alphaproteobacteria","Hyphomicrobiales","Phyllobacteriaceae","Aminobacter","niigataensis"
"2028343","Bacteria","Pseudomonadota","Alphaproteobacteria","Hyphomicrobiales","Rhizobiaceae","Rhizobium","sp. 11515TR"
"2815360","Bacteria","Pseudomonadota","Alphaproteobacteria","Hyphomicrobiales","Rhizobiaceae","Rhizobium","sp. X9"
"3045157","Bacteria","Pseudomonadota","Alphaproteobacteria","Hyphomicrobiales","Rhizobiaceae","Rhizobium","sp. BT04"
"2364271","Bacteria","Pseudomonadota","Alphaproteobacteria","Hyphomicrobiales","Rhizobiaceae","Rhizobium","sp. CCGE531"
"396","Bacteria","Pseudomonadota","Alphaproteobacteria","Hyphomicrobiales","Rhizobiaceae","Rhizobium","phaseoli"
"240521","Bacteria","Pseudomonadota","Alphaproteobacteria","Hyphomicrobiales","Rhizobiaceae","Rhizobium","daejeonense"
"1312183","Bacteria","Pseudomonadota","Alphaproteobacteria","Hyphomicrobiales","Rhizobiaceae","Rhizobium","jaguaris"
"1368430","Bacteria","Pseudomonadota","Alphaproteobacteria","Hyphomicrobiales","Rhizobiaceae","Rhizobium","rosettiformans"
"1538159","Bacteria","Pseudomonadota","Alphaproteobacteria","Hyphomicrobiales","Rhizobiaceae","Rhizobium","hidalgonense"
"1183412","Bacteria","Pseudomonadota","Alphaproteobacteria","Hyphomicrobiales","Rhizobiaceae","Agrobacterium","deltaense"
"2978974","Bacteria","Pseudomonadota","Alphaproteobacteria","Hyphomicrobiales","Rhizobiaceae","Neorhizobium","sp. CSC1952"
"1842534","Bacteria","Pseudomonadota","Alphaproteobacteria","Hyphomicrobiales","Rhizobiaceae","Sinorhizobium","sp. RAC02"
"2613773","Bacteria","Pseudomonadota","Alphaproteobacteria","Hyphomicrobiales","Rhizobiaceae","Sinorhizobium","sp. BG8"
"680248","Bacteria","Pseudomonadota","Alphaproteobacteria","Hyphomicrobiales","Rhizobiaceae","Sinorhizobium","numidicum"
"375549","Bacteria","Pseudomonadota","Alphaproteobacteria","Hyphomicrobiales","Rhizobiaceae","Sinorhizobium","mexicanum"
"879274","Bacteria","Pseudomonadota","Alphaproteobacteria","Hyphomicrobiales","Rhizobiaceae","Shinella","sp. HZN7"
"2925841","Bacteria","Pseudomonadota","Alphaproteobacteria","Hyphomicrobiales","Rhizobiaceae","Shinella","sp. H4-D48"
"3038924","Bacteria","Pseudomonadota","Alphaproteobacteria","Hyphomicrobiales","Methylobacteriaceae","Methylobacterium","sp. 391_Methyba4"
"1882682","Bacteria","Pseudomonadota","Alphaproteobacteria","Hyphomicrobiales","Methylobacteriaceae","Microvirga","ossetica"
"864069","Bacteria","Pseudomonadota","Alphaproteobacteria","Hyphomicrobiales","Methylobacteriaceae","Microvirga","lotononidis"
"2740529","Bacteria","Pseudomonadota","Alphaproteobacteria","Hyphomicrobiales","Methylobacteriaceae","Microvirga","terrae"
"708113","Bacteria","Pseudomonadota","Alphaproteobacteria","Hyphomicrobiales","Rhizobiaceae","Terrihabitans","soli"
"2995166","Bacteria","Pseudomonadota","Alphaproteobacteria","Hyphomicrobiales","Xanthobacteraceae","Ancylobacter","sp. SL191"
"1745854","Bacteria","Pseudomonadota","Alphaproteobacteria","Hyphomicrobiales","Xanthobacteraceae","Ancylobacter","pratisalsi"
"331696","Bacteria","Pseudomonadota","Alphaproteobacteria","Hyphomicrobiales","Xanthobacteraceae","Pseudolabrys","taiwanensis"
"2170729","Bacteria","Pseudomonadota","Alphaproteobacteria","Hyphomicrobiales","Hyphomicrobiaceae","Methyloceanibacter","sp. wino2"
"2742204","Bacteria","Pseudomonadota","Alphaproteobacteria","Hyphomicrobiales","Hyphomicrobiaceae","Methyloligella","sp. GL2"
"2499144","Bacteria","Pseudomonadota","Alphaproteobacteria","Hyphomicrobiales","Devosiaceae","Devosia","sp. 1566"
"686597","Bacteria","Pseudomonadota","Alphaproteobacteria","Hyphomicrobiales","Aurantimonadaceae","Martelella","sp. AD-3"
"293089","Bacteria","Pseudomonadota","Alphaproteobacteria","Hyphomicrobiales","Aurantimonadaceae","Martelella","mediterranea"
"3045175","Bacteria","Pseudomonadota","Alphaproteobacteria","Hyphomicrobiales","Brucellaceae","Brucella","sp. NM4"
"655015","Bacteria","Pseudomonadota","Alphaproteobacteria","Hyphomicrobiales","Methylocystaceae","Methylocystis","bryophila"
"199596","Bacteria","Pseudomonadota","Alphaproteobacteria","Hyphomicrobiales","Beijerinckiaceae","Methylocella","silvestris"
"3069264","Bacteria","Pseudomonadota","Alphaproteobacteria","Hyphomicrobiales","Rhodoligotrophaceae","Rhodoligotrophos","sp. CJ14"
"3018446","Bacteria","Pseudomonadota","Alphaproteobacteria","Sphingomonadales","Sphingomonadaceae","Sphingomonas","sp. 7/4-4"
"1938607","Bacteria","Pseudomonadota","Alphaproteobacteria","Sphingomonadales","Sphingomonadaceae","Sphingomonas","sp. LM7"
"2903960","Bacteria","Pseudomonadota","Alphaproteobacteria","Sphingomonadales","Sphingomonadaceae","Sphingomonas","sp. S2-65"
"745310","Bacteria","Pseudomonadota","Alphaproteobacteria","Sphingomonadales","Sphingomonadaceae","Sphingomonas","sp. MM-1"
"3062169","Bacteria","Pseudomonadota","Alphaproteobacteria","Sphingomonadales","Sphingomonadaceae","Sphingomonas","sp. C3-2"
"2968057","Bacteria","Pseudomonadota","Alphaproteobacteria","Sphingomonadales","Sphingomonadaceae","Sphingomonas","sp. NY01"
"3095343","Bacteria","Pseudomonadota","Alphaproteobacteria","Sphingomonadales","Sphingomonadaceae","Sphingomonas","sp. LY54"
"2942996","Bacteria","Pseudomonadota","Alphaproteobacteria","Sphingomonadales","Sphingomonadaceae","Sphingomonas","sp. KRR8"
"304378","Bacteria","Pseudomonadota","Alphaproteobacteria","Sphingomonadales","Sphingomonadaceae","Sphingomonas","sp. IC081"
"2714942","Bacteria","Pseudomonadota","Alphaproteobacteria","Sphingomonadales","Sphingomonadaceae","Sphingomonas","sp. HDW15A"
"2890321","Bacteria","Pseudomonadota","Alphaproteobacteria","Sphingomonadales","Sphingomonadaceae","Sphingomonas","radiodurans"
"2681549","Bacteria","Pseudomonadota","Alphaproteobacteria","Sphingomonadales","Sphingomonadaceae","Sphingomonas","profundi"
"1813468","Bacteria","Pseudomonadota","Alphaproteobacteria","Sphingomonadales","Sphingomonadaceae","Sphingomonas","naphthae"
"13689","Bacteria","Pseudomonadota","Alphaproteobacteria","Sphingomonadales","Sphingomonadaceae","Sphingomonas","paucimobilis"
"653931","Bacteria","Pseudomonadota","Alphaproteobacteria","Sphingomonadales","Sphingomonadaceae","Sphingomonas","alpina"
"296544","Bacteria","Pseudomonadota","Alphaproteobacteria","Sphingomonadales","Sphingomonadaceae","Sphingomonas","bisphenolicum"
"1541170","Bacteria","Pseudomonadota","Alphaproteobacteria","Sphingomonadales","Sphingomonadaceae","Sphingomonas","morindae"
"33051","Bacteria","Pseudomonadota","Alphaproteobacteria","Sphingomonadales","Sphingomonadaceae","Sphingomonas","sanguinis"
"298708","Bacteria","Pseudomonadota","Alphaproteobacteria","Sphingomonadales","Sphingomonadaceae","Sphingomonas","kaistensis"
"2918765","Bacteria","Pseudomonadota","Alphaproteobacteria","Sphingomonadales","Sphingomonadaceae","Sphingomonas","qomolangmaensis"
"2938948","Bacteria","Pseudomonadota","Alphaproteobacteria","Sphingomonadales","Sphingomonadaceae","Sphingomonas","glaciei"
"2714944","Bacteria","Pseudomonadota","Alphaproteobacteria","Sphingomonadales","Sphingomonadaceae","Sphingomonas","sinipercae"
"2930091","Bacteria","Pseudomonadota","Alphaproteobacteria","Sphingomonadales","Sphingomonadaceae","Sphingobium","sp. AntQ-1"
"2072936","Bacteria","Pseudomonadota","Alphaproteobacteria","Sphingomonadales","Sphingomonadaceae","Sphingobium","sp. SCG-1"
"1315974","Bacteria","Pseudomonadota","Alphaproteobacteria","Sphingomonadales","Sphingomonadaceae","Sphingobium","sp. TKS"
"407020","Bacteria","Pseudomonadota","Alphaproteobacteria","Sphingomonadales","Sphingomonadaceae","Sphingobium","sp. MI1205"
"520734","Bacteria","Pseudomonadota","Alphaproteobacteria","Sphingomonadales","Sphingomonadaceae","Sphingobium","sp. RSMS"
"484429","Bacteria","Pseudomonadota","Alphaproteobacteria","Sphingomonadales","Sphingomonadaceae","Sphingobium","sp. YBL2"
"2979467","Bacteria","Pseudomonadota","Alphaproteobacteria","Sphingomonadales","Sphingomonadaceae","Sphingobium","sp. WTD-1"
"3024245","Bacteria","Pseudomonadota","Alphaproteobacteria","Sphingomonadales","Sphingomonadaceae","Sphingobium","sp. YC-XJ3"
"46429","Bacteria","Pseudomonadota","Alphaproteobacteria","Sphingomonadales","Sphingomonadaceae","Sphingobium","chlorophenolicum"
"336203","Bacteria","Pseudomonadota","Alphaproteobacteria","Sphingomonadales","Sphingomonadaceae","Sphingobium","fuliginis"
"76947","Bacteria","Pseudomonadota","Alphaproteobacteria","Sphingomonadales","Sphingomonadaceae","Sphingobium","herbicidovorans"
"1874061","Bacteria","Pseudomonadota","Alphaproteobacteria","Sphingomonadales","Sphingomonadaceae","Sphingopyxis","sp. EG6"
"292913","Bacteria","Pseudomonadota","Alphaproteobacteria","Sphingomonadales","Sphingomonadaceae","Sphingopyxis","sp. 113P3"
"2976533","Bacteria","Pseudomonadota","Alphaproteobacteria","Sphingomonadales","Sphingomonadaceae","Sphingopyxis","sp. PET50"
"2830667","Bacteria","Pseudomonadota","Alphaproteobacteria","Sphingomonadales","Sphingomonadaceae","Sphingopyxis","sp. USTB-05"
"310581","Bacteria","Pseudomonadota","Alphaproteobacteria","Sphingomonadales","Sphingomonadaceae","Sphingopyxis","uncultured Sphingopyxis sp."
"2054227","Bacteria","Pseudomonadota","Alphaproteobacteria","Sphingomonadales","Sphingomonadaceae","Sphingopyxis","lindanitolerans"
"1515612","Bacteria","Pseudomonadota","Alphaproteobacteria","Sphingomonadales","Sphingomonadaceae","Sphingopyxis","fribergensis"
"117207","Bacteria","Pseudomonadota","Alphaproteobacteria","Sphingomonadales","Sphingomonadaceae","Sphingopyxis","alaskensis"
"180400","Bacteria","Pseudomonadota","Alphaproteobacteria","Sphingomonadales","Sphingomonadaceae","Sphingopyxis","chilensis"
"1609758","Bacteria","Pseudomonadota","Alphaproteobacteria","Sphingomonadales","Sphingomonadaceae","Novosphingobium","sp. P6W"
"1842535","Bacteria","Pseudomonadota","Alphaproteobacteria","Sphingomonadales","Sphingomonadaceae","Blastomonas","sp. RAC04"
"1867408","Bacteria","Pseudomonadota","Alphaproteobacteria","Sphingomonadales","Sphingomonadaceae","Blastomonas","marina"
"392610","Bacteria","Pseudomonadota","Alphaproteobacteria","Sphingomonadales","Sphingomonadaceae","Sphingorhabdus","lacus"
"1582356","Bacteria","Pseudomonadota","Alphaproteobacteria","Sphingomonadales","Sphingomonadaceae","Sphingomicrobium","aestuariivivum"
"1229164","Bacteria","Pseudomonadota","Alphaproteobacteria","Sphingomonadales","Sphingomonadaceae","Sphingomicrobium","flavum"
"3075605","Bacteria","Pseudomonadota","Alphaproteobacteria","Sphingomonadales","Sphingomonadaceae","Stakelama","sp. W311"
"941907","Bacteria","Pseudomonadota","Alphaproteobacteria","Sphingomonadales","Sphingomonadaceae","Allosphingosinicella","indica"
"1550733","Bacteria","Pseudomonadota","Alphaproteobacteria","Sphingomonadales","Sphingomonadaceae","Aquisediminimonas","profunda"
"2026624","Bacteria","Pseudomonadota","Alphaproteobacteria","Sphingomonadales","Sphingomonadaceae","Parasphingopyxis","algicola"
"2762729","Bacteria","Pseudomonadota","Alphaproteobacteria","Sphingomonadales","Sphingomonadaceae","Novosphingopyxis","iocasae"
"1703340","Bacteria","Pseudomonadota","Alphaproteobacteria","Sphingomonadales","Erythrobacteraceae","Croceicoccus","sp. Ery5"
"1348774","Bacteria","Pseudomonadota","Alphaproteobacteria","Sphingomonadales","Erythrobacteraceae","Croceicoccus","naphthovorans"
"3016000","Bacteria","Pseudomonadota","Alphaproteobacteria","Caulobacterales","Caulobacteraceae","Caulobacter","sp. NIBR1757"
"1679497","Bacteria","Pseudomonadota","Alphaproteobacteria","Caulobacterales","Caulobacteraceae","Caulobacter","flavus"
"3015177","Bacteria","Pseudomonadota","Alphaproteobacteria","Caulobacterales","Caulobacteraceae","Phenylobacterium","sp. NIBR 498073"
"2903901","Bacteria","Pseudomonadota","Alphaproteobacteria","Caulobacterales","Caulobacteraceae","Phenylobacterium","sp. LH3H17"
"2768161","Bacteria","Pseudomonadota","Alphaproteobacteria","Rhodospirillales","Acetobacteraceae","Roseomonas","marmotae"
"62140","Bacteria","Pseudomonadota","Alphaproteobacteria","Rhodospirillales","Acetobacteraceae","Acidiphilium","multivorum"
"2781901","Bacteria","Pseudomonadota","Alphaproteobacteria","Rhodospirillales","Acetobacteraceae","Lichenicoccus","uncultured Lichenicoccus sp."
"1226968","Bacteria","Pseudomonadota","Alphaproteobacteria","Rhodospirillales","Azospirillaceae","Azospirillum","humicireducens"
"2980108","Bacteria","Pseudomonadota","Alphaproteobacteria","Rhodobacterales","Roseobacteraceae","Roseovarius","pelagicus"
"2027911","Bacteria","Pseudomonadota","Betaproteobacteria","Burkholderiales","Burkholderiaceae","Cupriavidus","sp. P-10"
"1040979","Bacteria","Pseudomonadota","Betaproteobacteria","Burkholderiales","Burkholderiaceae","Cupriavidus","neocaledonicus"
"36873","Bacteria","Pseudomonadota","Betaproteobacteria","Burkholderiales","Burkholderiaceae","Paraburkholderia","xenovorans"
"1795631","Bacteria","Pseudomonadota","Betaproteobacteria","Burkholderiales","Comamonadaceae","Variovorax","sp. PAMC 28711"
"2762323","Bacteria","Pseudomonadota","Betaproteobacteria","Burkholderiales","Comamonadaceae","Variovorax","sp. PAMC28562"
"1105204","Bacteria","Pseudomonadota","Betaproteobacteria","Burkholderiales","Comamonadaceae","Variovorax","sp. WS11"
"2811425","Bacteria","Pseudomonadota","Betaproteobacteria","Burkholderiales","Comamonadaceae","Variovorax","sp. PDNC026"
"2714923","Bacteria","Pseudomonadota","Betaproteobacteria","Burkholderiales","Comamonadaceae","Acidovorax","sp. HDW3"
"1858609","Bacteria","Pseudomonadota","Betaproteobacteria","Burkholderiales","Comamonadaceae","Acidovorax","sp. T1"
"795665","Bacteria","Pseudomonadota","Betaproteobacteria","Burkholderiales","Comamonadaceae","Hydrogenophaga","sp. PBC"
"2806262","Bacteria","Pseudomonadota","Betaproteobacteria","Burkholderiales","Comamonadaceae","Hydrogenophaga","sp. YM1"
"199683","Bacteria","Pseudomonadota","Betaproteobacteria","Burkholderiales","Comamonadaceae","Hydrogenophaga","uncultured Hydrogenophaga sp."
"47421","Bacteria","Pseudomonadota","Betaproteobacteria","Burkholderiales","Comamonadaceae","Hydrogenophaga","pseudoflava"
"192843","Bacteria","Pseudomonadota","Betaproteobacteria","Burkholderiales","Comamonadaceae","Rhodoferax","ferrireducens"
"558537","Bacteria","Pseudomonadota","Betaproteobacteria","Burkholderiales","Comamonadaceae","Delftia","lacustris"
"2597701","Bacteria","Pseudomonadota","Betaproteobacteria","Burkholderiales","Comamonadaceae","Comamonas","flocculans"
"3046670","Bacteria","Pseudomonadota","Betaproteobacteria","Burkholderiales","Comamonadaceae","Comamonas","resistens"
"80868","Bacteria","Pseudomonadota","Betaproteobacteria","Burkholderiales","Comamonadaceae","Paracidovorax","cattleyae"
"3016636","Bacteria","Pseudomonadota","Betaproteobacteria","Burkholderiales","Comamonadaceae","Diaphorobacter","sp. ED-3"
"2792224","Bacteria","Pseudomonadota","Betaproteobacteria","Burkholderiales","Comamonadaceae","Diaphorobacter","sp. JS3051"
"2866628","Bacteria","Pseudomonadota","Betaproteobacteria","Burkholderiales","Comamonadaceae","Diaphorobacter","sp. MNS-0"
"1288495","Bacteria","Pseudomonadota","Betaproteobacteria","Burkholderiales","Comamonadaceae","Diaphorobacter","aerolatus"
"216465","Bacteria","Pseudomonadota","Betaproteobacteria","Burkholderiales","Comamonadaceae","Polaromonas","naphthalenivorans"
"364317","Bacteria","Pseudomonadota","Betaproteobacteria","Burkholderiales","Comamonadaceae","Verminephrobacter","eiseniae"
"1597781","Bacteria","Pseudomonadota","Betaproteobacteria","Burkholderiales","Oxalobacteraceae","Eleftheria","terrae"
"2069256","Bacteria","Pseudomonadota","Gammaproteobacteria","Pseudomonadales","Pseudomonadaceae","Pseudomonas","sp. XWY-1"
"346","Bacteria","Pseudomonadota","Gammaproteobacteria","Lysobacterales","Lysobacteraceae","Xanthomonas","citri"
"2875948","Bacteria","Actinomycetota","Actinomycetes","Micrococcales","Microbacteriaceae","Microbacterium","sp. cx-55"
"2489212","Bacteria","Actinomycetota","Actinomycetes","Micrococcales","Microbacteriaceae","Microbacterium","sp. RG1"
"3049069","Bacteria","Actinomycetota","Actinomycetes","Micrococcales","Microbacteriaceae","Microbacterium","sp. zg-B96"
"3135263","Bacteria","Actinomycetota","Actinomycetes","Micrococcales","Microbacteriaceae","Microbacterium","sp. LWO14-1.2"
"2992441","Bacteria","Actinomycetota","Actinomycetes","Micrococcales","Microbacteriaceae","Microbacterium","sp. J1-1"
"1795053","Bacteria","Actinomycetota","Actinomycetes","Micrococcales","Microbacteriaceae","Microbacterium","sp. PAMC 28756"
"2861280","Bacteria","Actinomycetota","Actinomycetes","Micrococcales","Microbacteriaceae","Microbacterium","sp. PAMC21962"
"33883","Bacteria","Actinomycetota","Actinomycetes","Micrococcales","Microbacteriaceae","Microbacterium","arborescens"
"743009","Bacteria","Actinomycetota","Actinomycetes","Micrococcales","Microbacteriaceae","Microbacterium","oryzae"
"462710","Bacteria","Actinomycetota","Actinomycetes","Micrococcales","Microbacteriaceae","Microbacterium","binotii"
"2851642","Bacteria","Actinomycetota","Actinomycetes","Micrococcales","Microbacteriaceae","Microbacterium","aurugineum"
"300019","Bacteria","Actinomycetota","Actinomycetes","Micrococcales","Microbacteriaceae","Microbacterium","paludicola"
"2810535","Bacteria","Actinomycetota","Actinomycetes","Micrococcales","Microbacteriaceae","Microbacterium","neungamense"
"370524","Bacteria","Actinomycetota","Actinomycetes","Mycobacteriales","Mycobacteriaceae","Mycolicibacterium","pallens"
"2838237","Bacteria","Spirochaetota","Spirochaetia","Leptospirales","Leptospiraceae","Leptospira","sp. severe_002"
"2735554","Bacteria","Pseudomonadota","Betaproteobacteria","Burkholderiales","Comamonadaceae","Diaphorobacter","sp. JS3050"
"2603598","Bacteria","Actinomycetota","Actinomycetes","Micrococcales","Microbacteriaceae","Microbacterium","sp. CBA3102"
"2171498","Bacteria","Pseudomonadota","Alphaproteobacteria","Hyphomicrobiales","Nitrobacteraceae","Bradyrhizobium","sp. WBOS04"
